场景,阶段,TiKV节点,重复次数,目标Leader节点,目标Leader节点占比(%),目标Leader节点占比(%)标准差,目标Leader节点占比(%)95%置信区间半宽,平均CPU(%),平均CPU(%)标准差,平均CPU(%)95%置信区间半宽,峰值CPU(%),峰值CPU(%)标准差,峰值CPU(%)95%置信区间半宽,平均内存(MB),平均内存(MB)标准差,平均内存(MB)95%置信区间半宽,峰值内存(MB),峰值内存(MB)标准差,峰值内存(MB)95%置信区间半宽
正常基线,正常期,TiKV节点0,5,TiKV节点1,0.0,0.0,0.0,51.79,12.68,11.12,64.6,17.6,15.43,2188.6,26.31,23.06,2193.0,26.29,23.05
正常基线,正常期,TiKV节点1,5,TiKV节点1,60.0,54.77,48.01,107.44,51.87,45.46,137.1,68.25,59.82,2167.5,33.97,29.78,2173.95,37.0,32.43
正常基线,正常期,TiKV节点2,5,TiKV节点1,40.0,54.77,48.01,88.01,55.23,48.41,110.63,66.82,58.57,2223.07,14.18,12.43,2230.89,15.59,13.67
Leader CPU压力,正常期,TiKV节点0,5,TiKV节点1,0.0,0.0,0.0,47.72,12.66,11.1,51.87,14.04,12.31,2190.54,26.33,23.08,2191.16,26.21,22.98
Leader CPU压力,正常期,TiKV节点1,5,TiKV节点1,100.0,0.0,0.0,180.41,17.39,15.25,201.26,18.18,15.94,2180.3,36.68,32.15,2181.73,35.63,31.23
Leader CPU压力,正常期,TiKV节点2,5,TiKV节点1,0.0,0.0,0.0,53.5,11.28,9.89,59.53,11.49,10.07,2233.86,13.19,11.56,2234.37,13.74,12.04
Leader CPU压力,扰动期,TiKV节点0,5,TiKV节点1,0.0,0.0,0.0,36.83,12.26,10.75,41.88,15.94,13.97,2189.82,26.16,22.93,2190.75,26.55,23.27
Leader CPU压力,扰动期,TiKV节点1,5,TiKV节点1,100.0,0.0,0.0,197.59,9.31,8.16,206.18,4.18,3.66,2180.61,31.66,27.75,2182.35,32.31,28.32
Leader CPU压力,扰动期,TiKV节点2,5,TiKV节点1,0.0,0.0,0.0,37.14,5.35,4.69,40.16,5.42,4.75,2228.94,12.88,11.29,2231.09,12.32,10.8
Leader CPU压力,恢复期,TiKV节点0,5,TiKV节点1,0.0,0.0,0.0,29.72,6.31,5.53,49.88,13.23,11.59,2188.49,26.2,22.96,2188.9,26.26,23.02
Leader CPU压力,恢复期,TiKV节点1,5,TiKV节点1,100.0,0.0,0.0,97.06,14.24,12.48,174.43,16.58,14.53,2183.17,27.62,24.21,2183.99,27.5,24.1
Leader CPU压力,恢复期,TiKV节点2,5,TiKV节点1,0.0,0.0,0.0,47.4,15.9,13.94,58.8,15.75,13.8,2224.74,14.03,12.3,2225.36,13.06,11.45
Leader节点暂停,正常期,TiKV节点0,5,TiKV节点1,20.0,44.72,39.2,40.51,28.96,25.38,75.8,60.84,53.33,2198.43,25.99,22.78,2199.96,26.66,23.37
Leader节点暂停,正常期,TiKV节点1,5,TiKV节点1,80.0,44.72,39.2,74.61,26.96,23.63,147.51,57.7,50.57,2186.75,20.41,17.89,2188.9,20.33,17.82
Leader节点暂停,正常期,TiKV节点2,5,TiKV节点1,0.0,0.0,0.0,57.12,12.99,11.38,58.68,12.79,11.21,2227.1,20.06,17.58,2228.84,18.45,16.18
Leader节点暂停,扰动期,TiKV节点0,5,TiKV节点1,20.0,44.72,39.2,6.24,1.95,1.71,7.57,1.67,1.46,2195.76,25.5,22.35,2196.07,25.46,22.32
Leader节点暂停,扰动期,TiKV节点1,5,TiKV节点1,80.0,44.72,39.2,5.86,3.46,3.03,10.74,6.96,6.1,2182.14,20.71,18.15,2184.6,20.54,18.0
Leader节点暂停,扰动期,TiKV节点2,5,TiKV节点1,0.0,0.0,0.0,8.6,1.1,0.97,10.26,1.19,1.04,2221.88,21.0,18.41,2222.49,21.79,19.1
Leader节点暂停,恢复期,TiKV节点0,5,TiKV节点1,20.0,44.72,39.2,6.85,1.79,1.57,7.64,2.68,2.35,2194.43,25.42,22.28,2194.84,25.25,22.13
Leader节点暂停,恢复期,TiKV节点1,5,TiKV节点1,80.0,44.72,39.2,5.29,0.81,0.71,6.11,1.82,1.59,2173.54,20.1,17.62,2173.95,19.9,17.44
Leader节点暂停,恢复期,TiKV节点2,5,TiKV节点1,0.0,0.0,0.0,7.42,0.56,0.49,8.09,0.68,0.6,2220.24,20.4,17.89,2220.65,20.31,17.8
Leader CPU压力+应用侧限流,正常期,TiKV节点0,5,TiKV节点1,0.0,0.0,0.0,41.82,8.84,7.75,45.96,10.01,8.77,2199.86,20.11,17.63,2202.42,21.28,18.65
Leader CPU压力+应用侧限流,正常期,TiKV节点1,5,TiKV节点1,80.0,44.72,39.2,119.15,49.24,43.16,130.49,55.07,48.27,2176.2,17.85,15.65,2177.84,18.66,16.36
Leader CPU压力+应用侧限流,正常期,TiKV节点2,5,TiKV节点1,20.0,44.72,39.2,61.26,41.45,36.33,66.28,44.38,38.91,2229.86,21.66,18.99,2230.27,21.26,18.63
Leader CPU压力+应用侧限流,扰动期,TiKV节点0,5,TiKV节点1,0.0,0.0,0.0,35.34,9.87,8.65,38.33,11.69,10.25,2196.28,20.04,17.57,2196.68,20.12,17.64
Leader CPU压力+应用侧限流,扰动期,TiKV节点1,5,TiKV节点1,80.0,44.72,39.2,149.52,68.39,59.94,171.91,77.36,67.81,2173.24,16.81,14.74,2173.54,16.85,14.77
Leader CPU压力+应用侧限流,扰动期,TiKV节点2,5,TiKV节点1,20.0,44.72,39.2,66.88,64.0,56.1,74.89,75.03,65.77,2227.3,22.46,19.69,2227.61,22.62,19.82
Leader CPU压力+应用侧限流,恢复期,TiKV节点0,5,TiKV节点1,0.0,0.0,0.0,28.78,2.23,1.95,44.85,9.91,8.68,2194.33,19.1,16.74,2194.64,19.0,16.65
Leader CPU压力+应用侧限流,恢复期,TiKV节点1,5,TiKV节点1,80.0,44.72,39.2,66.09,32.02,28.07,104.36,39.33,34.47,2173.34,16.54,14.5,2173.95,16.62,14.57
Leader CPU压力+应用侧限流,恢复期,TiKV节点2,5,TiKV节点1,20.0,44.72,39.2,37.95,16.3,14.29,63.25,35.85,31.42,2227.71,23.32,20.44,2228.22,23.44,20.55
