timestamp,ts,system,scenario,phase,region_id,leader_store_id,leader_id,peers,start_key,end_key,written_bytes,read_bytes,approximate_size_mb,error
2026-05-11T10:05:13+0000,1778493913.7974648,TiDB,tidb_uniform,before,,,,,,,,,,"(8243, '[PD:apiutil:ErrRedirectNoLeader]redirect finds no leader\n')"
2026-05-11T10:05:14+0000,1778493914.5325232,TiDB,tidb_uniform,before_pd_hot_write,,,,"{""as_peer"": {""1"": {""store_bytes"": 0, ""store_keys"": 0, ""store_query"": 0, ""total_flow_bytes"": 0, ""total_flow_keys"": 0, ""total_flow_query"": 0, ""regions_count"": 0, ""statistics"": []}, ""2"": {""store_bytes"": 0, ""store_keys"": 0, ""store_query"": 0, ""total_flow_bytes"": 0, ""total_flow_keys"": 0, ""total_flow_query"": 0, ""regions_count"": 0, ""statistics"": []}, ""3"": {""store_bytes"": 0, ""store_keys"": 0, ""store_query"": 0, ""total_flow_bytes"": 0, ""total_flow_keys"": 0, ""total_flow_query"": 0, ""regions_count"": 0, ""statistics"": []}}, ""as_leader"": {""1"": {""store_bytes"": 0, ""store_keys"": 0, ""store_query"": 0, ""total_flow_bytes"": 0, ""total_flow_keys"": 0, ""total_flow_query"": 0, ""regions_count"": 0, ""statistics"": []}, ""2"": {""store_bytes"": 0, ""store_keys"": 0, ""store_query"": 0, ""total_flow_bytes"": 0, ""total_flow_keys"": 0, ""total_flow_query"": 0, ""regions_count"": 0, ""statistics"": []}, ""3"": {""store_bytes"": 0, ""store_keys"": 0, ""store_query"": 0, ""total_flow_bytes"": 0, ""total_flow_keys"": 0, ""total_flow_query"": 0, ""regions_count"": 0, ""statistics"": []}}}",,,,,,
2026-05-11T10:05:14+0000,1778493914.5402598,TiDB,tidb_uniform,before_pd_hot_read,,,,"{""as_peer"": {""1"": {""store_bytes"": 0, ""store_keys"": 0, ""store_query"": 0, ""total_flow_bytes"": 0, ""total_flow_keys"": 0, ""total_flow_query"": 0, ""regions_count"": 0, ""statistics"": []}, ""2"": {""store_bytes"": 0, ""store_keys"": 0, ""store_query"": 0, ""total_flow_bytes"": 0, ""total_flow_keys"": 0, ""total_flow_query"": 0, ""regions_count"": 0, ""statistics"": []}, ""3"": {""store_bytes"": 0, ""store_keys"": 0, ""store_query"": 0, ""total_flow_bytes"": 0, ""total_flow_keys"": 0, ""total_flow_query"": 0, ""regions_count"": 0, ""statistics"": []}}, ""as_leader"": {""1"": {""store_bytes"": 0, ""store_keys"": 0, ""store_query"": 0, ""total_flow_bytes"": 0, ""total_flow_keys"": 0, ""total_flow_query"": 0, ""regions_count"": 0, ""statistics"": []}, ""2"": {""store_bytes"": 0, ""store_keys"": 0, ""store_query"": 0, ""total_flow_bytes"": 0, ""total_flow_keys"": 0, ""total_flow_query"": 0, ""regions_count"": 0, ""statistics"": []}, ""3"": {""store_bytes"": 0, ""store_keys"": 0, ""store_query"": 0, ""total_flow_bytes"": 0, ""total_flow_keys"": 0, ""total_flow_query"": 0, ""regions_count"": 0, ""statistics"": []}}}",,,,,,
2026-05-11T10:05:21+0000,1778493921.5440588,TiDB,tidb_uniform,after,4203,1,4204,"4204, 4205, 4206",t_112_,t_112_r_3333,0,0,1,
2026-05-11T10:05:21+0000,1778493921.544078,TiDB,tidb_uniform,after,4207,3,4209,"4208, 4209, 4210",t_112_r_3333,t_112_r_6666,0,0,0,
2026-05-11T10:05:21+0000,1778493921.5440886,TiDB,tidb_uniform,after,4211,2,4214,"4212, 4213, 4214",t_112_r_6666,t_112_r_9999,0,0,0,
2026-05-11T10:05:21+0000,1778493921.5440972,TiDB,tidb_uniform,after,4215,1,4216,"4216, 4217, 4218",t_112_r_9999,t_112_r_13332,0,0,1,
2026-05-11T10:05:21+0000,1778493921.5441058,TiDB,tidb_uniform,after,4219,3,4221,"4220, 4221, 4222",t_112_r_13332,t_112_r_16665,0,0,2,
2026-05-11T10:05:21+0000,1778493921.544114,TiDB,tidb_uniform,after,4223,2,4226,"4224, 4225, 4226",t_112_r_16665,t_112_r_19998,0,0,0,
2026-05-11T10:05:21+0000,1778493921.5441222,TiDB,tidb_uniform,after,4227,2,4230,"4228, 4229, 4230",t_112_r_19998,t_112_r_23331,0,0,0,
2026-05-11T10:05:21+0000,1778493921.5441303,TiDB,tidb_uniform,after,4231,1,4232,"4232, 4233, 4234",t_112_r_23331,t_112_r_26664,0,0,1,
2026-05-11T10:05:21+0000,1778493921.544139,TiDB,tidb_uniform,after,4239,2,4242,"4240, 4241, 4242",t_112_r_26664,t_114_,39,0,0,
2026-05-11T10:05:21+0000,1778493921.5486915,TiDB,tidb_uniform,after_pd_hot_write,,,,"{""as_peer"": {""1"": {""store_bytes"": 0, ""store_keys"": 0, ""store_query"": 0, ""total_flow_bytes"": 0, ""total_flow_keys"": 0, ""total_flow_query"": 0, ""regions_count"": 0, ""statistics"": []}, ""2"": {""store_bytes"": 0, ""store_keys"": 0, ""store_query"": 0, ""total_flow_bytes"": 0, ""total_flow_keys"": 0, ""total_flow_query"": 0, ""regions_count"": 0, ""statistics"": []}, ""3"": {""store_bytes"": 0, ""store_keys"": 0, ""store_query"": 0, ""total_flow_bytes"": 0, ""total_flow_keys"": 0, ""total_flow_query"": 0, ""regions_count"": 0, ""statistics"": []}}, ""as_leader"": {""1"": {""store_bytes"": 0, ""store_keys"": 0, ""store_query"": 0, ""total_flow_bytes"": 0, ""total_flow_keys"": 0, ""total_flow_query"": 0, ""regions_count"": 0, ""statistics"": []}, ""2"": {""store_bytes"": 0, ""store_keys"": 0, ""store_query"": 0, ""total_flow_bytes"": 0, ""total_flow_keys"": 0, ""total_flow_query"": 0, ""regions_count"": 0, ""statistics"": []}, ""3"": {""store_bytes"": 0, ""store_keys"": 0, ""store_query"": 0, ""total_flow_bytes"": 0, ""total_flow_keys"": 0, ""total_flow_query"": 0, ""regions_count"": 0, ""statistics"": []}}}",,,,,,
2026-05-11T10:05:21+0000,1778493921.550589,TiDB,tidb_uniform,after_pd_hot_read,,,,"{""as_peer"": {""1"": {""store_bytes"": 0, ""store_keys"": 0, ""store_query"": 0, ""total_flow_bytes"": 0, ""total_flow_keys"": 0, ""total_flow_query"": 0, ""regions_count"": 0, ""statistics"": []}, ""2"": {""store_bytes"": 0, ""store_keys"": 0, ""store_query"": 0, ""total_flow_bytes"": 0, ""total_flow_keys"": 0, ""total_flow_query"": 0, ""regions_count"": 0, ""statistics"": []}, ""3"": {""store_bytes"": 0, ""store_keys"": 0, ""store_query"": 0, ""total_flow_bytes"": 0, ""total_flow_keys"": 0, ""total_flow_query"": 0, ""regions_count"": 0, ""statistics"": []}}, ""as_leader"": {""1"": {""store_bytes"": 0, ""store_keys"": 0, ""store_query"": 0, ""total_flow_bytes"": 0, ""total_flow_keys"": 0, ""total_flow_query"": 0, ""regions_count"": 0, ""statistics"": []}, ""2"": {""store_bytes"": 0, ""store_keys"": 0, ""store_query"": 0, ""total_flow_bytes"": 0, ""total_flow_keys"": 0, ""total_flow_query"": 0, ""regions_count"": 0, ""statistics"": []}, ""3"": {""store_bytes"": 0, ""store_keys"": 0, ""store_query"": 0, ""total_flow_bytes"": 0, ""total_flow_keys"": 0, ""total_flow_query"": 0, ""regions_count"": 0, ""statistics"": []}}}",,,,,,
2026-05-11T10:05:21+0000,1778493921.5662155,TiDB,tidb_hot70,before,4203,1,4204,"4204, 4205, 4206",t_112_,t_112_r_3333,0,0,1,
2026-05-11T10:05:21+0000,1778493921.566236,TiDB,tidb_hot70,before,4207,3,4209,"4208, 4209, 4210",t_112_r_3333,t_112_r_6666,0,0,0,
2026-05-11T10:05:21+0000,1778493921.5662458,TiDB,tidb_hot70,before,4211,2,4214,"4212, 4213, 4214",t_112_r_6666,t_112_r_9999,0,0,0,
2026-05-11T10:05:21+0000,1778493921.566255,TiDB,tidb_hot70,before,4215,1,4216,"4216, 4217, 4218",t_112_r_9999,t_112_r_13332,0,0,1,
2026-05-11T10:05:21+0000,1778493921.5662642,TiDB,tidb_hot70,before,4219,3,4221,"4220, 4221, 4222",t_112_r_13332,t_112_r_16665,0,0,2,
2026-05-11T10:05:21+0000,1778493921.5662735,TiDB,tidb_hot70,before,4223,2,4226,"4224, 4225, 4226",t_112_r_16665,t_112_r_19998,0,0,0,
2026-05-11T10:05:21+0000,1778493921.5662818,TiDB,tidb_hot70,before,4227,2,4230,"4228, 4229, 4230",t_112_r_19998,t_112_r_23331,0,0,0,
2026-05-11T10:05:21+0000,1778493921.5662906,TiDB,tidb_hot70,before,4231,1,4232,"4232, 4233, 4234",t_112_r_23331,t_112_r_26664,0,0,1,
2026-05-11T10:05:21+0000,1778493921.5662997,TiDB,tidb_hot70,before,4239,2,4242,"4240, 4241, 4242",t_112_r_26664,t_114_,39,0,0,
2026-05-11T10:05:21+0000,1778493921.568024,TiDB,tidb_hot70,before_pd_hot_write,,,,"{""as_peer"": {""1"": {""store_bytes"": 0, ""store_keys"": 0, ""store_query"": 0, ""total_flow_bytes"": 0, ""total_flow_keys"": 0, ""total_flow_query"": 0, ""regions_count"": 0, ""statistics"": []}, ""2"": {""store_bytes"": 0, ""store_keys"": 0, ""store_query"": 0, ""total_flow_bytes"": 0, ""total_flow_keys"": 0, ""total_flow_query"": 0, ""regions_count"": 0, ""statistics"": []}, ""3"": {""store_bytes"": 0, ""store_keys"": 0, ""store_query"": 0, ""total_flow_bytes"": 0, ""total_flow_keys"": 0, ""total_flow_query"": 0, ""regions_count"": 0, ""statistics"": []}}, ""as_leader"": {""1"": {""store_bytes"": 0, ""store_keys"": 0, ""store_query"": 0, ""total_flow_bytes"": 0, ""total_flow_keys"": 0, ""total_flow_query"": 0, ""regions_count"": 0, ""statistics"": []}, ""2"": {""store_bytes"": 0, ""store_keys"": 0, ""store_query"": 0, ""total_flow_bytes"": 0, ""total_flow_keys"": 0, ""total_flow_query"": 0, ""regions_count"": 0, ""statistics"": []}, ""3"": {""store_bytes"": 0, ""store_keys"": 0, ""store_query"": 0, ""total_flow_bytes"": 0, ""total_flow_keys"": 0, ""total_flow_query"": 0, ""regions_count"": 0, ""statistics"": []}}}",,,,,,
2026-05-11T10:05:21+0000,1778493921.5693424,TiDB,tidb_hot70,before_pd_hot_read,,,,"{""as_peer"": {""1"": {""store_bytes"": 0, ""store_keys"": 0, ""store_query"": 0, ""total_flow_bytes"": 0, ""total_flow_keys"": 0, ""total_flow_query"": 0, ""regions_count"": 0, ""statistics"": []}, ""2"": {""store_bytes"": 0, ""store_keys"": 0, ""store_query"": 0, ""total_flow_bytes"": 0, ""total_flow_keys"": 0, ""total_flow_query"": 0, ""regions_count"": 0, ""statistics"": []}, ""3"": {""store_bytes"": 0, ""store_keys"": 0, ""store_query"": 0, ""total_flow_bytes"": 0, ""total_flow_keys"": 0, ""total_flow_query"": 0, ""regions_count"": 0, ""statistics"": []}}, ""as_leader"": {""1"": {""store_bytes"": 0, ""store_keys"": 0, ""store_query"": 0, ""total_flow_bytes"": 0, ""total_flow_keys"": 0, ""total_flow_query"": 0, ""regions_count"": 0, ""statistics"": []}, ""2"": {""store_bytes"": 0, ""store_keys"": 0, ""store_query"": 0, ""total_flow_bytes"": 0, ""total_flow_keys"": 0, ""total_flow_query"": 0, ""regions_count"": 0, ""statistics"": []}, ""3"": {""store_bytes"": 0, ""store_keys"": 0, ""store_query"": 0, ""total_flow_bytes"": 0, ""total_flow_keys"": 0, ""total_flow_query"": 0, ""regions_count"": 0, ""statistics"": []}}}",,,,,,
2026-05-11T10:05:24+0000,1778493924.893032,TiDB,tidb_hot70,after,4203,1,4204,"4204, 4205, 4206",t_112_,t_112_r_3333,0,0,1,
2026-05-11T10:05:24+0000,1778493924.8930576,TiDB,tidb_hot70,after,4207,3,4209,"4208, 4209, 4210",t_112_r_3333,t_112_r_6666,0,0,0,
2026-05-11T10:05:24+0000,1778493924.8930688,TiDB,tidb_hot70,after,4211,2,4214,"4212, 4213, 4214",t_112_r_6666,t_112_r_9999,0,0,0,
2026-05-11T10:05:24+0000,1778493924.8930779,TiDB,tidb_hot70,after,4215,1,4216,"4216, 4217, 4218",t_112_r_9999,t_112_r_13332,0,0,1,
2026-05-11T10:05:24+0000,1778493924.8930867,TiDB,tidb_hot70,after,4219,3,4221,"4220, 4221, 4222",t_112_r_13332,t_112_r_16665,0,0,2,
2026-05-11T10:05:24+0000,1778493924.8930964,TiDB,tidb_hot70,after,4223,2,4226,"4224, 4225, 4226",t_112_r_16665,t_112_r_19998,0,0,0,
2026-05-11T10:05:24+0000,1778493924.893106,TiDB,tidb_hot70,after,4227,2,4230,"4228, 4229, 4230",t_112_r_19998,t_112_r_23331,0,0,0,
2026-05-11T10:05:24+0000,1778493924.893114,TiDB,tidb_hot70,after,4231,1,4232,"4232, 4233, 4234",t_112_r_23331,t_112_r_26664,0,0,1,
2026-05-11T10:05:24+0000,1778493924.893123,TiDB,tidb_hot70,after,4239,2,4242,"4240, 4241, 4242",t_112_r_26664,t_114_,39,0,0,
2026-05-11T10:05:24+0000,1778493924.9015431,TiDB,tidb_hot70,after_pd_hot_write,,,,"{""as_peer"": {""1"": {""store_bytes"": 19488, ""store_keys"": 214.6, ""store_query"": 0, ""total_flow_bytes"": 0, ""total_flow_keys"": 0, ""total_flow_query"": 0, ""regions_count"": 0, ""statistics"": []}, ""2"": {""store_bytes"": 11943.1, ""store_keys"": 113.7, ""store_query"": 0, ""total_flow_bytes"": 0, ""total_flow_keys"": 0, ""total_flow_query"": 0, ""regions_count"": 0, ""statistics"": []}, ""3"": {""store_bytes"": 11875.7, ""store_keys"": 112.2, ""store_query"": 0, ""total_flow_bytes"": 0, ""total_flow_keys"": 0, ""total_flow_query"": 0, ""regions_count"": 0, ""statistics"": []}}, ""as_leader"": {""1"": {""store_bytes"": 0, ""store_keys"": 0, ""store_query"": 12.2, ""total_flow_bytes"": 0, ""total_flow_keys"": 0, ""total_flow_query"": 0, ""regions_count"": 0, ""statistics"": []}, ""2"": {""store_bytes"": 0, ""store_keys"": 0, ""store_query"": 18.6, ""total_flow_bytes"": 0, ""total_flow_keys"": 0, ""total_flow_query"": 0, ""regions_count"": 0, ""statistics"": []}, ""3"": {""store_bytes"": 0, ""store_keys"": 0, ""store_query"": 6.2, ""total_flow_bytes"": 0, ""total_flow_keys"": 0, ""total_flow_query"": 0, ""regions_count"": 0, ""statistics"": []}}}",,,,,,
2026-05-11T10:05:24+0000,1778493924.9033551,TiDB,tidb_hot70,after_pd_hot_read,,,,"{""as_peer"": {""1"": {""store_bytes"": 1570.6, ""store_keys"": 4.8, ""store_query"": 35.6, ""total_flow_bytes"": 0, ""total_flow_keys"": 0, ""total_flow_query"": 0, ""regions_count"": 0, ""statistics"": []}, ""2"": {""store_bytes"": 1307.6, ""store_keys"": 0, ""store_query"": 39.1, ""total_flow_bytes"": 0, ""total_flow_keys"": 0, ""total_flow_query"": 0, ""regions_count"": 0, ""statistics"": []}, ""3"": {""store_bytes"": 7235.1, ""store_keys"": 84.5, ""store_query"": 24.2, ""total_flow_bytes"": 0, ""total_flow_keys"": 0, ""total_flow_query"": 0, ""regions_count"": 0, ""statistics"": []}}, ""as_leader"": {""1"": {""store_bytes"": 1570.6, ""store_keys"": 4.8, ""store_query"": 35.6, ""total_flow_bytes"": 0, ""total_flow_keys"": 0, ""total_flow_query"": 0, ""regions_count"": 0, ""statistics"": []}, ""2"": {""store_bytes"": 1307.6, ""store_keys"": 0, ""store_query"": 39.1, ""total_flow_bytes"": 0, ""total_flow_keys"": 0, ""total_flow_query"": 0, ""regions_count"": 0, ""statistics"": []}, ""3"": {""store_bytes"": 7235.1, ""store_keys"": 84.5, ""store_query"": 24.2, ""total_flow_bytes"": 0, ""total_flow_keys"": 0, ""total_flow_query"": 0, ""regions_count"": 0, ""statistics"": []}}}",,,,,,
2026-05-11T10:05:24+0000,1778493924.932484,TiDB,tidb_hot90,before,4203,1,4204,"4204, 4205, 4206",t_112_,t_112_r_3333,0,0,1,
2026-05-11T10:05:24+0000,1778493924.9325123,TiDB,tidb_hot90,before,4207,3,4209,"4208, 4209, 4210",t_112_r_3333,t_112_r_6666,0,0,0,
2026-05-11T10:05:24+0000,1778493924.9325228,TiDB,tidb_hot90,before,4211,2,4214,"4212, 4213, 4214",t_112_r_6666,t_112_r_9999,0,0,0,
2026-05-11T10:05:24+0000,1778493924.9325354,TiDB,tidb_hot90,before,4215,1,4216,"4216, 4217, 4218",t_112_r_9999,t_112_r_13332,0,0,1,
2026-05-11T10:05:24+0000,1778493924.9325483,TiDB,tidb_hot90,before,4219,3,4221,"4220, 4221, 4222",t_112_r_13332,t_112_r_16665,0,0,2,
2026-05-11T10:05:24+0000,1778493924.9325624,TiDB,tidb_hot90,before,4223,2,4226,"4224, 4225, 4226",t_112_r_16665,t_112_r_19998,0,0,0,
2026-05-11T10:05:24+0000,1778493924.9325726,TiDB,tidb_hot90,before,4227,2,4230,"4228, 4229, 4230",t_112_r_19998,t_112_r_23331,0,0,0,
2026-05-11T10:05:24+0000,1778493924.9325833,TiDB,tidb_hot90,before,4231,1,4232,"4232, 4233, 4234",t_112_r_23331,t_112_r_26664,0,0,1,
2026-05-11T10:05:24+0000,1778493924.9326003,TiDB,tidb_hot90,before,4239,2,4242,"4240, 4241, 4242",t_112_r_26664,t_114_,39,0,0,
2026-05-11T10:05:24+0000,1778493924.9349577,TiDB,tidb_hot90,before_pd_hot_write,,,,"{""as_peer"": {""1"": {""store_bytes"": 19488, ""store_keys"": 214.6, ""store_query"": 0, ""total_flow_bytes"": 0, ""total_flow_keys"": 0, ""total_flow_query"": 0, ""regions_count"": 0, ""statistics"": []}, ""2"": {""store_bytes"": 11943.1, ""store_keys"": 113.7, ""store_query"": 0, ""total_flow_bytes"": 0, ""total_flow_keys"": 0, ""total_flow_query"": 0, ""regions_count"": 0, ""statistics"": []}, ""3"": {""store_bytes"": 11875.7, ""store_keys"": 112.2, ""store_query"": 0, ""total_flow_bytes"": 0, ""total_flow_keys"": 0, ""total_flow_query"": 0, ""regions_count"": 0, ""statistics"": []}}, ""as_leader"": {""1"": {""store_bytes"": 0, ""store_keys"": 0, ""store_query"": 12.2, ""total_flow_bytes"": 0, ""total_flow_keys"": 0, ""total_flow_query"": 0, ""regions_count"": 0, ""statistics"": []}, ""2"": {""store_bytes"": 0, ""store_keys"": 0, ""store_query"": 18.6, ""total_flow_bytes"": 0, ""total_flow_keys"": 0, ""total_flow_query"": 0, ""regions_count"": 0, ""statistics"": []}, ""3"": {""store_bytes"": 0, ""store_keys"": 0, ""store_query"": 6.2, ""total_flow_bytes"": 0, ""total_flow_keys"": 0, ""total_flow_query"": 0, ""regions_count"": 0, ""statistics"": []}}}",,,,,,
2026-05-11T10:05:24+0000,1778493924.9376512,TiDB,tidb_hot90,before_pd_hot_read,,,,"{""as_peer"": {""1"": {""store_bytes"": 1570.6, ""store_keys"": 4.8, ""store_query"": 35.6, ""total_flow_bytes"": 0, ""total_flow_keys"": 0, ""total_flow_query"": 0, ""regions_count"": 0, ""statistics"": []}, ""2"": {""store_bytes"": 1307.6, ""store_keys"": 0, ""store_query"": 39.1, ""total_flow_bytes"": 0, ""total_flow_keys"": 0, ""total_flow_query"": 0, ""regions_count"": 0, ""statistics"": []}, ""3"": {""store_bytes"": 7235.1, ""store_keys"": 84.5, ""store_query"": 24.2, ""total_flow_bytes"": 0, ""total_flow_keys"": 0, ""total_flow_query"": 0, ""regions_count"": 0, ""statistics"": []}}, ""as_leader"": {""1"": {""store_bytes"": 1570.6, ""store_keys"": 4.8, ""store_query"": 35.6, ""total_flow_bytes"": 0, ""total_flow_keys"": 0, ""total_flow_query"": 0, ""regions_count"": 0, ""statistics"": []}, ""2"": {""store_bytes"": 1307.6, ""store_keys"": 0, ""store_query"": 39.1, ""total_flow_bytes"": 0, ""total_flow_keys"": 0, ""total_flow_query"": 0, ""regions_count"": 0, ""statistics"": []}, ""3"": {""store_bytes"": 7235.1, ""store_keys"": 84.5, ""store_query"": 24.2, ""total_flow_bytes"": 0, ""total_flow_keys"": 0, ""total_flow_query"": 0, ""regions_count"": 0, ""statistics"": []}}}",,,,,,
2026-05-11T10:05:34+0000,1778493934.1928973,TiDB,tidb_hot90,after,4203,1,4204,"4204, 4205, 4206",t_112_,t_112_r_3333,0,0,1,
2026-05-11T10:05:34+0000,1778493934.1929164,TiDB,tidb_hot90,after,4207,3,4209,"4208, 4209, 4210",t_112_r_3333,t_112_r_6666,0,0,0,
2026-05-11T10:05:34+0000,1778493934.1929252,TiDB,tidb_hot90,after,4211,2,4214,"4212, 4213, 4214",t_112_r_6666,t_112_r_9999,0,0,0,
2026-05-11T10:05:34+0000,1778493934.1929328,TiDB,tidb_hot90,after,4215,1,4216,"4216, 4217, 4218",t_112_r_9999,t_112_r_13332,0,0,1,
2026-05-11T10:05:34+0000,1778493934.1929405,TiDB,tidb_hot90,after,4219,3,4221,"4220, 4221, 4222",t_112_r_13332,t_112_r_16665,0,0,2,
2026-05-11T10:05:34+0000,1778493934.1929476,TiDB,tidb_hot90,after,4223,2,4226,"4224, 4225, 4226",t_112_r_16665,t_112_r_19998,0,0,0,
2026-05-11T10:05:34+0000,1778493934.192955,TiDB,tidb_hot90,after,4227,2,4230,"4228, 4229, 4230",t_112_r_19998,t_112_r_23331,0,0,0,
2026-05-11T10:05:34+0000,1778493934.192963,TiDB,tidb_hot90,after,4231,1,4232,"4232, 4233, 4234",t_112_r_23331,t_112_r_26664,0,0,1,
2026-05-11T10:05:34+0000,1778493934.19297,TiDB,tidb_hot90,after,4239,2,4242,"4240, 4241, 4242",t_112_r_26664,t_114_,39,0,0,
2026-05-11T10:05:34+0000,1778493934.201335,TiDB,tidb_hot90,after_pd_hot_write,,,,"{""as_peer"": {""1"": {""store_bytes"": 12620.35, ""store_keys"": 154.3, ""store_query"": 0, ""total_flow_bytes"": 0, ""total_flow_keys"": 0, ""total_flow_query"": 0, ""regions_count"": 0, ""statistics"": []}, ""2"": {""store_bytes"": 12538.95, ""store_keys"": 153, ""store_query"": 0, ""total_flow_bytes"": 0, ""total_flow_keys"": 0, ""total_flow_query"": 0, ""regions_count"": 0, ""statistics"": []}, ""3"": {""store_bytes"": 12502.5, ""store_keys"": 152.1, ""store_query"": 0, ""total_flow_bytes"": 0, ""total_flow_keys"": 0, ""total_flow_query"": 0, ""regions_count"": 0, ""statistics"": []}}, ""as_leader"": {""1"": {""store_bytes"": 0, ""store_keys"": 0, ""store_query"": 45.35, ""total_flow_bytes"": 0, ""total_flow_keys"": 0, ""total_flow_query"": 0, ""regions_count"": 0, ""statistics"": []}, ""2"": {""store_bytes"": 0, ""store_keys"": 0, ""store_query"": 17.6, ""total_flow_bytes"": 0, ""total_flow_keys"": 0, ""total_flow_query"": 0, ""regions_count"": 0, ""statistics"": []}, ""3"": {""store_bytes"": 0, ""store_keys"": 0, ""store_query"": 3.75, ""total_flow_bytes"": 0, ""total_flow_keys"": 0, ""total_flow_query"": 0, ""regions_count"": 0, ""statistics"": []}}}",,,,,,
2026-05-11T10:05:34+0000,1778493934.2025826,TiDB,tidb_hot90,after_pd_hot_read,,,,"{""as_peer"": {""1"": {""store_bytes"": 3206.8999999999996, ""store_keys"": 3, ""store_query"": 95.64999999999999, ""total_flow_bytes"": 0, ""total_flow_keys"": 0, ""total_flow_query"": 0, ""regions_count"": 0, ""statistics"": []}, ""2"": {""store_bytes"": 875.1999999999999, ""store_keys"": 0, ""store_query"": 28.15, ""total_flow_bytes"": 0, ""total_flow_keys"": 0, ""total_flow_query"": 0, ""regions_count"": 0, ""statistics"": []}, ""3"": {""store_bytes"": 5751.65, ""store_keys"": 93.55, ""store_query"": 17.1, ""total_flow_bytes"": 0, ""total_flow_keys"": 0, ""total_flow_query"": 0, ""regions_count"": 0, ""statistics"": []}}, ""as_leader"": {""1"": {""store_bytes"": 3206.8999999999996, ""store_keys"": 3, ""store_query"": 95.64999999999999, ""total_flow_bytes"": 0, ""total_flow_keys"": 0, ""total_flow_query"": 0, ""regions_count"": 0, ""statistics"": []}, ""2"": {""store_bytes"": 875.1999999999999, ""store_keys"": 0, ""store_query"": 28.15, ""total_flow_bytes"": 0, ""total_flow_keys"": 0, ""total_flow_query"": 0, ""regions_count"": 0, ""statistics"": []}, ""3"": {""store_bytes"": 5751.65, ""store_keys"": 93.55, ""store_query"": 17.1, ""total_flow_bytes"": 0, ""total_flow_keys"": 0, ""total_flow_query"": 0, ""regions_count"": 0, ""statistics"": []}}}",,,,,,
