timestamp,ts,relative_s,run_id,system,scenario,phase,target_region_id,target_store_id,target_container,hot_region_id,hot_leader_store_id,hot_leader_container,leader_changed,leader_store_ids,error
2026-05-11T16:36:04+0000,1778517364.751278,0.11612582206726074,1,TiDB,baseline,normal,1765,1,exp1_tidb_tikv2,1765,1,exp1_tidb_tikv2,False,"1,2,3",
2026-05-11T16:36:05+0000,1778517365.7953885,1.1602363586425781,1,TiDB,baseline,normal,1765,1,exp1_tidb_tikv2,1765,1,exp1_tidb_tikv2,False,"1,2,3",
2026-05-11T16:36:06+0000,1778517366.8358145,2.20066237449646,1,TiDB,baseline,normal,1765,1,exp1_tidb_tikv2,1765,1,exp1_tidb_tikv2,False,"1,2,3",
2026-05-11T16:36:07+0000,1778517367.8619764,3.2268242835998535,1,TiDB,baseline,normal,1765,1,exp1_tidb_tikv2,1765,1,exp1_tidb_tikv2,False,"1,2,3",
2026-05-11T16:36:08+0000,1778517368.91406,4.278908014297485,1,TiDB,baseline,normal,1765,1,exp1_tidb_tikv2,1765,1,exp1_tidb_tikv2,False,"1,2,3",
2026-05-11T16:36:09+0000,1778517369.9748237,5.339671611785889,1,TiDB,baseline,normal,1765,1,exp1_tidb_tikv2,1765,1,exp1_tidb_tikv2,False,"1,2,3",
2026-05-11T16:36:11+0000,1778517371.0051818,6.37002968788147,1,TiDB,baseline,normal,1765,1,exp1_tidb_tikv2,1765,1,exp1_tidb_tikv2,False,"1,2,3",
2026-05-11T16:36:12+0000,1778517372.1231291,7.487977027893066,1,TiDB,baseline,normal,1765,1,exp1_tidb_tikv2,1765,1,exp1_tidb_tikv2,False,"1,2,3",
2026-05-11T16:36:13+0000,1778517373.152586,8.517433881759644,1,TiDB,baseline,normal,1765,1,exp1_tidb_tikv2,1765,1,exp1_tidb_tikv2,False,"1,2,3",
2026-05-11T16:36:14+0000,1778517374.1941648,9.559012651443481,1,TiDB,baseline,normal,1765,1,exp1_tidb_tikv2,1765,1,exp1_tidb_tikv2,False,"1,2,3",
2026-05-11T16:36:15+0000,1778517375.237541,10.602388858795166,1,TiDB,baseline,normal,1765,1,exp1_tidb_tikv2,1765,1,exp1_tidb_tikv2,False,"1,2,3",
2026-05-11T16:36:16+0000,1778517376.2824693,11.647317171096802,1,TiDB,baseline,normal,1765,1,exp1_tidb_tikv2,1765,1,exp1_tidb_tikv2,False,"1,2,3",
2026-05-11T16:36:17+0000,1778517377.3404777,12.705325603485107,1,TiDB,baseline,normal,1765,1,exp1_tidb_tikv2,1765,1,exp1_tidb_tikv2,False,"1,2,3",
2026-05-11T16:36:18+0000,1778517378.3743527,13.739200592041016,1,TiDB,baseline,normal,1765,1,exp1_tidb_tikv2,1765,1,exp1_tidb_tikv2,False,"1,2,3",
2026-05-11T16:36:19+0000,1778517379.422648,14.787495851516724,1,TiDB,baseline,normal,1765,1,exp1_tidb_tikv2,1765,1,exp1_tidb_tikv2,False,"1,2,3",
2026-05-11T16:36:20+0000,1778517380.4468503,15.811698198318481,1,TiDB,baseline,normal,1765,1,exp1_tidb_tikv2,1765,1,exp1_tidb_tikv2,False,"1,2,3",
2026-05-11T16:36:21+0000,1778517381.4793851,16.84423303604126,1,TiDB,baseline,normal,1765,1,exp1_tidb_tikv2,1765,1,exp1_tidb_tikv2,False,"1,2,3",
2026-05-11T16:36:22+0000,1778517382.497281,17.862128973007202,1,TiDB,baseline,normal,1765,1,exp1_tidb_tikv2,1765,1,exp1_tidb_tikv2,False,"1,2,3",
2026-05-11T16:36:31+0000,1778517391.8709538,0.06992459297180176,1,TiDB,leader_cpu_stress,normal,1853,3,exp1_tidb_tikv1,1853,3,exp1_tidb_tikv1,False,"1,2,3",
2026-05-11T16:36:32+0000,1778517392.9090064,1.1079771518707275,1,TiDB,leader_cpu_stress,normal,1853,3,exp1_tidb_tikv1,1853,3,exp1_tidb_tikv1,False,"1,2,3",
2026-05-11T16:36:33+0000,1778517393.9298503,2.1288211345672607,1,TiDB,leader_cpu_stress,normal,1853,3,exp1_tidb_tikv1,1853,3,exp1_tidb_tikv1,False,"1,2,3",
2026-05-11T16:36:34+0000,1778517394.9817028,3.180673599243164,1,TiDB,leader_cpu_stress,normal,1853,3,exp1_tidb_tikv1,1853,3,exp1_tidb_tikv1,False,"1,2,3",
2026-05-11T16:36:36+0000,1778517396.0433028,4.242273569107056,1,TiDB,leader_cpu_stress,perturbation,1853,3,exp1_tidb_tikv1,1853,3,exp1_tidb_tikv1,False,"1,2,3",
2026-05-11T16:36:37+0000,1778517397.0676372,5.266607999801636,1,TiDB,leader_cpu_stress,perturbation,1853,3,exp1_tidb_tikv1,1853,3,exp1_tidb_tikv1,False,"1,2,3",
2026-05-11T16:36:38+0000,1778517398.0894449,6.2884156703948975,1,TiDB,leader_cpu_stress,perturbation,1853,3,exp1_tidb_tikv1,1853,3,exp1_tidb_tikv1,False,"1,2,3",
2026-05-11T16:36:39+0000,1778517399.1185188,7.3174896240234375,1,TiDB,leader_cpu_stress,perturbation,1853,3,exp1_tidb_tikv1,1853,3,exp1_tidb_tikv1,False,"1,2,3",
2026-05-11T16:36:40+0000,1778517400.1441848,8.3431556224823,1,TiDB,leader_cpu_stress,perturbation,1853,3,exp1_tidb_tikv1,1853,3,exp1_tidb_tikv1,False,"1,2,3",
2026-05-11T16:36:41+0000,1778517401.1645956,9.363566398620605,1,TiDB,leader_cpu_stress,perturbation,1853,3,exp1_tidb_tikv1,1853,3,exp1_tidb_tikv1,False,"1,2,3",
2026-05-11T16:36:42+0000,1778517402.1831245,10.382095336914062,1,TiDB,leader_cpu_stress,recovery,1853,3,exp1_tidb_tikv1,1853,3,exp1_tidb_tikv1,False,"1,2,3",
2026-05-11T16:36:43+0000,1778517403.2302923,11.4292631149292,1,TiDB,leader_cpu_stress,recovery,1853,3,exp1_tidb_tikv1,1853,3,exp1_tidb_tikv1,False,"1,2,3",
2026-05-11T16:36:44+0000,1778517404.2765539,12.475524663925171,1,TiDB,leader_cpu_stress,recovery,1853,3,exp1_tidb_tikv1,1853,3,exp1_tidb_tikv1,False,"1,2,3",
2026-05-11T16:36:45+0000,1778517405.333723,13.532693862915039,1,TiDB,leader_cpu_stress,recovery,1853,3,exp1_tidb_tikv1,1853,3,exp1_tidb_tikv1,False,"1,2,3",
2026-05-11T16:36:46+0000,1778517406.3701937,14.569164514541626,1,TiDB,leader_cpu_stress,recovery,1853,3,exp1_tidb_tikv1,1853,3,exp1_tidb_tikv1,False,"1,2,3",
2026-05-11T16:36:47+0000,1778517407.3982239,15.59719467163086,1,TiDB,leader_cpu_stress,recovery,1853,3,exp1_tidb_tikv1,1853,3,exp1_tidb_tikv1,False,"1,2,3",
2026-05-11T16:36:48+0000,1778517408.4322412,16.63121199607849,1,TiDB,leader_cpu_stress,recovery,1853,3,exp1_tidb_tikv1,1853,3,exp1_tidb_tikv1,False,"1,2,3",
2026-05-11T16:36:49+0000,1778517409.452467,17.651437759399414,1,TiDB,leader_cpu_stress,recovery,1853,3,exp1_tidb_tikv1,1853,3,exp1_tidb_tikv1,False,"1,2,3",
2026-05-11T16:36:58+0000,1778517418.8011196,0.09445953369140625,1,TiDB,leader_network_perturbation,normal,1877,3,exp1_tidb_tikv1,1877,3,exp1_tidb_tikv1,False,"1,2,3",
2026-05-11T16:36:59+0000,1778517419.8416424,1.1349823474884033,1,TiDB,leader_network_perturbation,normal,1877,3,exp1_tidb_tikv1,1877,3,exp1_tidb_tikv1,False,"1,2,3",
2026-05-11T16:37:00+0000,1778517420.9015481,2.194888114929199,1,TiDB,leader_network_perturbation,normal,1877,3,exp1_tidb_tikv1,1877,3,exp1_tidb_tikv1,False,"1,2,3",
2026-05-11T16:37:01+0000,1778517421.9331436,3.2264835834503174,1,TiDB,leader_network_perturbation,normal,1877,3,exp1_tidb_tikv1,1877,3,exp1_tidb_tikv1,False,"1,2,3",
2026-05-11T16:37:02+0000,1778517422.9702384,4.263578414916992,1,TiDB,leader_network_perturbation,perturbation,1877,3,exp1_tidb_tikv1,1877,3,exp1_tidb_tikv1,False,"1,2,3",
2026-05-11T16:37:03+0000,1778517423.9915507,5.284890651702881,1,TiDB,leader_network_perturbation,perturbation,1877,3,exp1_tidb_tikv1,1877,3,exp1_tidb_tikv1,False,"1,2,3",
2026-05-11T16:37:05+0000,1778517425.0122428,6.305582761764526,1,TiDB,leader_network_perturbation,perturbation,1877,3,exp1_tidb_tikv1,1877,3,exp1_tidb_tikv1,False,"1,2,3",
2026-05-11T16:37:06+0000,1778517426.0338528,7.327192783355713,1,TiDB,leader_network_perturbation,perturbation,1877,3,exp1_tidb_tikv1,1877,3,exp1_tidb_tikv1,False,"1,2,3",
2026-05-11T16:37:07+0000,1778517427.0551593,8.348499298095703,1,TiDB,leader_network_perturbation,perturbation,1877,3,exp1_tidb_tikv1,1877,3,exp1_tidb_tikv1,False,"1,2,3",
2026-05-11T16:37:08+0000,1778517428.076358,9.36969804763794,1,TiDB,leader_network_perturbation,perturbation,1877,3,exp1_tidb_tikv1,1877,3,exp1_tidb_tikv1,False,"1,2,3",
2026-05-11T16:37:09+0000,1778517429.099016,10.392355918884277,1,TiDB,leader_network_perturbation,recovery,1877,3,exp1_tidb_tikv1,1877,3,exp1_tidb_tikv1,False,"1,2,3",
2026-05-11T16:37:10+0000,1778517430.1221335,11.415473461151123,1,TiDB,leader_network_perturbation,recovery,1877,3,exp1_tidb_tikv1,1877,3,exp1_tidb_tikv1,False,"1,2,3",
2026-05-11T16:37:11+0000,1778517431.144733,12.438072919845581,1,TiDB,leader_network_perturbation,recovery,1877,3,exp1_tidb_tikv1,1877,3,exp1_tidb_tikv1,False,"1,2,3",
2026-05-11T16:37:12+0000,1778517432.1647103,13.45805025100708,1,TiDB,leader_network_perturbation,recovery,1877,3,exp1_tidb_tikv1,1877,3,exp1_tidb_tikv1,False,"1,2,3",
2026-05-11T16:37:13+0000,1778517433.1868298,14.480169773101807,1,TiDB,leader_network_perturbation,recovery,1877,3,exp1_tidb_tikv1,1877,3,exp1_tidb_tikv1,False,"1,2,3",
2026-05-11T16:37:14+0000,1778517434.2064972,15.499837160110474,1,TiDB,leader_network_perturbation,recovery,1877,3,exp1_tidb_tikv1,1877,3,exp1_tidb_tikv1,False,"1,2,3",
2026-05-11T16:37:15+0000,1778517435.2292178,16.522557735443115,1,TiDB,leader_network_perturbation,recovery,1877,3,exp1_tidb_tikv1,1877,3,exp1_tidb_tikv1,False,"1,2,3",
2026-05-11T16:37:26+0000,1778517446.347059,0.02590465545654297,1,TiDB,leader_cpu_stress_limited,normal,1933,3,exp1_tidb_tikv1,1933,3,exp1_tidb_tikv1,False,"1,2,3",
2026-05-11T16:37:27+0000,1778517447.3753297,1.0541753768920898,1,TiDB,leader_cpu_stress_limited,normal,1933,3,exp1_tidb_tikv1,1933,3,exp1_tidb_tikv1,False,"1,2,3",
2026-05-11T16:37:28+0000,1778517448.412031,2.090876579284668,1,TiDB,leader_cpu_stress_limited,normal,1933,3,exp1_tidb_tikv1,1933,3,exp1_tidb_tikv1,False,"1,2,3",
2026-05-11T16:37:29+0000,1778517449.4393423,3.11818790435791,1,TiDB,leader_cpu_stress_limited,normal,1933,3,exp1_tidb_tikv1,1933,3,exp1_tidb_tikv1,False,"1,2,3",
2026-05-11T16:37:30+0000,1778517450.4655101,4.144355773925781,1,TiDB,leader_cpu_stress_limited,perturbation,1933,3,exp1_tidb_tikv1,1933,3,exp1_tidb_tikv1,False,"1,2,3",
2026-05-11T16:37:31+0000,1778517451.4958575,5.174703121185303,1,TiDB,leader_cpu_stress_limited,perturbation,1933,3,exp1_tidb_tikv1,1933,3,exp1_tidb_tikv1,False,"1,2,3",
2026-05-11T16:37:32+0000,1778517452.5197206,6.198566198348999,1,TiDB,leader_cpu_stress_limited,perturbation,1933,3,exp1_tidb_tikv1,1933,3,exp1_tidb_tikv1,False,"1,2,3",
2026-05-11T16:37:33+0000,1778517453.550672,7.229517698287964,1,TiDB,leader_cpu_stress_limited,perturbation,1933,3,exp1_tidb_tikv1,1933,3,exp1_tidb_tikv1,False,"1,2,3",
2026-05-11T16:37:34+0000,1778517454.5745647,8.253410339355469,1,TiDB,leader_cpu_stress_limited,perturbation,1933,3,exp1_tidb_tikv1,1933,3,exp1_tidb_tikv1,False,"1,2,3",
2026-05-11T16:37:35+0000,1778517455.5917432,9.270588874816895,1,TiDB,leader_cpu_stress_limited,perturbation,1933,3,exp1_tidb_tikv1,1933,3,exp1_tidb_tikv1,False,"1,2,3",
2026-05-11T16:37:36+0000,1778517456.6213443,10.300189971923828,1,TiDB,leader_cpu_stress_limited,recovery,1933,3,exp1_tidb_tikv1,1933,3,exp1_tidb_tikv1,False,"1,2,3",
2026-05-11T16:37:37+0000,1778517457.654398,11.333243608474731,1,TiDB,leader_cpu_stress_limited,recovery,1933,3,exp1_tidb_tikv1,1933,3,exp1_tidb_tikv1,False,"1,2,3",
2026-05-11T16:37:38+0000,1778517458.6845055,12.363351106643677,1,TiDB,leader_cpu_stress_limited,recovery,1933,3,exp1_tidb_tikv1,1933,3,exp1_tidb_tikv1,False,"1,2,3",
2026-05-11T16:37:39+0000,1778517459.7102025,13.389048099517822,1,TiDB,leader_cpu_stress_limited,recovery,1933,3,exp1_tidb_tikv1,1933,3,exp1_tidb_tikv1,False,"1,2,3",
2026-05-11T16:37:40+0000,1778517460.7437665,14.422612190246582,1,TiDB,leader_cpu_stress_limited,recovery,1933,3,exp1_tidb_tikv1,1933,3,exp1_tidb_tikv1,False,"1,2,3",
2026-05-11T16:37:41+0000,1778517461.769963,15.448808670043945,1,TiDB,leader_cpu_stress_limited,recovery,1933,3,exp1_tidb_tikv1,1933,3,exp1_tidb_tikv1,False,"1,2,3",
2026-05-11T16:37:42+0000,1778517462.8032968,16.482142448425293,1,TiDB,leader_cpu_stress_limited,recovery,1933,3,exp1_tidb_tikv1,1933,3,exp1_tidb_tikv1,False,"1,2,3",
2026-05-11T16:37:52+0000,1778517472.3617132,0.09162545204162598,2,TiDB,baseline,normal,1957,1,exp1_tidb_tikv2,1957,1,exp1_tidb_tikv2,False,"1,2,3",
2026-05-11T16:37:53+0000,1778517473.4231598,1.1530721187591553,2,TiDB,baseline,normal,1957,1,exp1_tidb_tikv2,1957,1,exp1_tidb_tikv2,False,"1,2,3",
2026-05-11T16:37:54+0000,1778517474.4520166,2.181928873062134,2,TiDB,baseline,normal,1957,1,exp1_tidb_tikv2,1957,1,exp1_tidb_tikv2,False,"1,2,3",
2026-05-11T16:37:55+0000,1778517475.504337,3.2342493534088135,2,TiDB,baseline,normal,1957,1,exp1_tidb_tikv2,1957,1,exp1_tidb_tikv2,False,"1,2,3",
2026-05-11T16:37:56+0000,1778517476.5419476,4.271859884262085,2,TiDB,baseline,normal,1957,1,exp1_tidb_tikv2,1957,1,exp1_tidb_tikv2,False,"1,2,3",
2026-05-11T16:37:57+0000,1778517477.5838494,5.3137617111206055,2,TiDB,baseline,normal,1957,1,exp1_tidb_tikv2,1957,1,exp1_tidb_tikv2,False,"1,2,3",
2026-05-11T16:37:58+0000,1778517478.6586947,6.388607025146484,2,TiDB,baseline,normal,1957,1,exp1_tidb_tikv2,1957,1,exp1_tidb_tikv2,False,"1,2,3",
2026-05-11T16:37:59+0000,1778517479.6994827,7.429394960403442,2,TiDB,baseline,normal,1957,1,exp1_tidb_tikv2,1957,1,exp1_tidb_tikv2,False,"1,2,3",
2026-05-11T16:38:00+0000,1778517480.720579,8.450491189956665,2,TiDB,baseline,normal,1957,1,exp1_tidb_tikv2,1957,1,exp1_tidb_tikv2,False,"1,2,3",
2026-05-11T16:38:01+0000,1778517481.7563658,9.486278057098389,2,TiDB,baseline,normal,1957,1,exp1_tidb_tikv2,1957,1,exp1_tidb_tikv2,False,"1,2,3",
2026-05-11T16:38:02+0000,1778517482.7820265,10.51193881034851,2,TiDB,baseline,normal,1957,1,exp1_tidb_tikv2,1957,1,exp1_tidb_tikv2,False,"1,2,3",
2026-05-11T16:38:03+0000,1778517483.8204355,11.550347805023193,2,TiDB,baseline,normal,1957,1,exp1_tidb_tikv2,1957,1,exp1_tidb_tikv2,False,"1,2,3",
2026-05-11T16:38:04+0000,1778517484.8495004,12.579412698745728,2,TiDB,baseline,normal,1957,1,exp1_tidb_tikv2,1957,1,exp1_tidb_tikv2,False,"1,2,3",
2026-05-11T16:38:05+0000,1778517485.879624,13.609536170959473,2,TiDB,baseline,normal,1957,1,exp1_tidb_tikv2,1957,1,exp1_tidb_tikv2,False,"1,2,3",
2026-05-11T16:38:06+0000,1778517486.9243653,14.654277563095093,2,TiDB,baseline,normal,1957,1,exp1_tidb_tikv2,1957,1,exp1_tidb_tikv2,False,"1,2,3",
2026-05-11T16:38:07+0000,1778517487.9536033,15.683515548706055,2,TiDB,baseline,normal,1957,1,exp1_tidb_tikv2,1957,1,exp1_tidb_tikv2,False,"1,2,3",
2026-05-11T16:38:08+0000,1778517488.993434,16.72334623336792,2,TiDB,baseline,normal,1957,1,exp1_tidb_tikv2,1957,1,exp1_tidb_tikv2,False,"1,2,3",
2026-05-11T16:38:10+0000,1778517490.013033,17.742945194244385,2,TiDB,baseline,normal,1957,1,exp1_tidb_tikv2,1957,1,exp1_tidb_tikv2,False,"1,2,3",
2026-05-11T16:38:19+0000,1778517499.4105024,0.10661792755126953,2,TiDB,leader_cpu_stress,normal,2033,3,exp1_tidb_tikv1,2033,3,exp1_tidb_tikv1,False,"1,2,3",
2026-05-11T16:38:20+0000,1778517500.4628587,1.1589741706848145,2,TiDB,leader_cpu_stress,normal,2033,3,exp1_tidb_tikv1,2033,3,exp1_tidb_tikv1,False,"1,2,3",
2026-05-11T16:38:21+0000,1778517501.538585,2.2347004413604736,2,TiDB,leader_cpu_stress,normal,2033,3,exp1_tidb_tikv1,2033,3,exp1_tidb_tikv1,False,"1,2,3",
2026-05-11T16:38:22+0000,1778517502.584282,3.280397415161133,2,TiDB,leader_cpu_stress,normal,2033,3,exp1_tidb_tikv1,2033,3,exp1_tidb_tikv1,False,"1,2,3",
2026-05-11T16:38:23+0000,1778517503.6355243,4.331639766693115,2,TiDB,leader_cpu_stress,perturbation,2033,3,exp1_tidb_tikv1,2033,3,exp1_tidb_tikv1,False,"1,2,3",
2026-05-11T16:38:24+0000,1778517504.6888053,5.384920835494995,2,TiDB,leader_cpu_stress,perturbation,2033,3,exp1_tidb_tikv1,2033,3,exp1_tidb_tikv1,False,"1,2,3",
2026-05-11T16:38:25+0000,1778517505.7203453,6.416460752487183,2,TiDB,leader_cpu_stress,perturbation,2033,3,exp1_tidb_tikv1,2033,3,exp1_tidb_tikv1,False,"1,2,3",
2026-05-11T16:38:26+0000,1778517506.7461505,7.44226598739624,2,TiDB,leader_cpu_stress,perturbation,2033,3,exp1_tidb_tikv1,2033,3,exp1_tidb_tikv1,False,"1,2,3",
2026-05-11T16:38:27+0000,1778517507.835005,8.531120538711548,2,TiDB,leader_cpu_stress,perturbation,2033,3,exp1_tidb_tikv1,2033,3,exp1_tidb_tikv1,False,"1,2,3",
2026-05-11T16:38:28+0000,1778517508.856552,9.552667379379272,2,TiDB,leader_cpu_stress,perturbation,2033,3,exp1_tidb_tikv1,2033,3,exp1_tidb_tikv1,False,"1,2,3",
2026-05-11T16:38:29+0000,1778517509.881368,10.577483415603638,2,TiDB,leader_cpu_stress,recovery,2033,3,exp1_tidb_tikv1,2033,3,exp1_tidb_tikv1,False,"1,2,3",
2026-05-11T16:38:30+0000,1778517510.9178126,11.613928079605103,2,TiDB,leader_cpu_stress,recovery,2033,3,exp1_tidb_tikv1,2033,3,exp1_tidb_tikv1,False,"1,2,3",
2026-05-11T16:38:31+0000,1778517511.9475715,12.643687009811401,2,TiDB,leader_cpu_stress,recovery,2033,3,exp1_tidb_tikv1,2033,3,exp1_tidb_tikv1,False,"1,2,3",
2026-05-11T16:38:33+0000,1778517513.0361392,13.73225474357605,2,TiDB,leader_cpu_stress,recovery,2033,3,exp1_tidb_tikv1,2033,3,exp1_tidb_tikv1,False,"1,2,3",
2026-05-11T16:38:34+0000,1778517514.0633304,14.759445905685425,2,TiDB,leader_cpu_stress,recovery,2033,3,exp1_tidb_tikv1,2033,3,exp1_tidb_tikv1,False,"1,2,3",
2026-05-11T16:38:35+0000,1778517515.1183074,15.814422845840454,2,TiDB,leader_cpu_stress,recovery,2033,3,exp1_tidb_tikv1,2033,3,exp1_tidb_tikv1,False,"1,2,3",
2026-05-11T16:38:36+0000,1778517516.1389298,16.835045337677002,2,TiDB,leader_cpu_stress,recovery,2033,3,exp1_tidb_tikv1,2033,3,exp1_tidb_tikv1,False,"1,2,3",
2026-05-11T16:38:37+0000,1778517517.1595783,17.855693817138672,2,TiDB,leader_cpu_stress,recovery,2033,3,exp1_tidb_tikv1,2033,3,exp1_tidb_tikv1,False,"1,2,3",
2026-05-11T16:38:46+0000,1778517526.3903804,0.07232213020324707,2,TiDB,leader_network_perturbation,normal,2057,3,exp1_tidb_tikv1,2057,3,exp1_tidb_tikv1,False,"1,2,3",
2026-05-11T16:38:47+0000,1778517527.4288464,1.110788106918335,2,TiDB,leader_network_perturbation,normal,2057,3,exp1_tidb_tikv1,2057,3,exp1_tidb_tikv1,False,"1,2,3",
2026-05-11T16:38:48+0000,1778517528.4612043,2.14314603805542,2,TiDB,leader_network_perturbation,normal,2057,3,exp1_tidb_tikv1,2057,3,exp1_tidb_tikv1,False,"1,2,3",
2026-05-11T16:38:49+0000,1778517529.4893324,3.171274185180664,2,TiDB,leader_network_perturbation,normal,2057,3,exp1_tidb_tikv1,2057,3,exp1_tidb_tikv1,False,"1,2,3",
2026-05-11T16:38:50+0000,1778517530.552006,4.23394775390625,2,TiDB,leader_network_perturbation,perturbation,2057,3,exp1_tidb_tikv1,2057,3,exp1_tidb_tikv1,False,"1,2,3",
2026-05-11T16:38:51+0000,1778517531.5992491,5.281190872192383,2,TiDB,leader_network_perturbation,perturbation,2057,3,exp1_tidb_tikv1,2057,3,exp1_tidb_tikv1,False,"1,2,3",
2026-05-11T16:38:52+0000,1778517532.6646771,6.346618890762329,2,TiDB,leader_network_perturbation,perturbation,2057,3,exp1_tidb_tikv1,2057,3,exp1_tidb_tikv1,False,"1,2,3",
2026-05-11T16:38:53+0000,1778517533.6864038,7.368345499038696,2,TiDB,leader_network_perturbation,perturbation,2057,3,exp1_tidb_tikv1,2057,3,exp1_tidb_tikv1,False,"1,2,3",
2026-05-11T16:38:54+0000,1778517534.7077985,8.389740228652954,2,TiDB,leader_network_perturbation,perturbation,2057,3,exp1_tidb_tikv1,2057,3,exp1_tidb_tikv1,False,"1,2,3",
2026-05-11T16:38:55+0000,1778517535.7338586,9.415800333023071,2,TiDB,leader_network_perturbation,perturbation,2057,3,exp1_tidb_tikv1,2057,3,exp1_tidb_tikv1,False,"1,2,3",
2026-05-11T16:38:56+0000,1778517536.7553837,10.437325477600098,2,TiDB,leader_network_perturbation,recovery,2057,3,exp1_tidb_tikv1,2057,3,exp1_tidb_tikv1,False,"1,2,3",
2026-05-11T16:38:57+0000,1778517537.7758157,11.457757472991943,2,TiDB,leader_network_perturbation,recovery,2057,3,exp1_tidb_tikv1,2057,3,exp1_tidb_tikv1,False,"1,2,3",
2026-05-11T16:38:58+0000,1778517538.8007686,12.482710361480713,2,TiDB,leader_network_perturbation,recovery,2057,3,exp1_tidb_tikv1,2057,3,exp1_tidb_tikv1,False,"1,2,3",
2026-05-11T16:38:59+0000,1778517539.8258834,13.507825136184692,2,TiDB,leader_network_perturbation,recovery,2057,3,exp1_tidb_tikv1,2057,3,exp1_tidb_tikv1,False,"1,2,3",
2026-05-11T16:39:00+0000,1778517540.8517315,14.533673286437988,2,TiDB,leader_network_perturbation,recovery,2057,3,exp1_tidb_tikv1,2057,3,exp1_tidb_tikv1,False,"1,2,3",
2026-05-11T16:39:01+0000,1778517541.8706164,15.552558183670044,2,TiDB,leader_network_perturbation,recovery,2057,3,exp1_tidb_tikv1,2057,3,exp1_tidb_tikv1,False,"1,2,3",
2026-05-11T16:39:02+0000,1778517542.8899674,16.571909189224243,2,TiDB,leader_network_perturbation,recovery,2057,3,exp1_tidb_tikv1,2057,3,exp1_tidb_tikv1,False,"1,2,3",
2026-05-11T16:39:03+0000,1778517543.9092336,17.591175317764282,2,TiDB,leader_network_perturbation,recovery,2057,3,exp1_tidb_tikv1,2057,3,exp1_tidb_tikv1,False,"1,2,3",
2026-05-11T16:39:04+0000,1778517544.9316056,18.613547325134277,2,TiDB,leader_network_perturbation,recovery,2057,3,exp1_tidb_tikv1,2057,3,exp1_tidb_tikv1,False,"1,2,3",
2026-05-11T16:39:15+0000,1778517555.0665648,0.02262282371520996,2,TiDB,leader_cpu_stress_limited,normal,2133,3,exp1_tidb_tikv1,2133,3,exp1_tidb_tikv1,False,"1,2,3",
2026-05-11T16:39:16+0000,1778517556.0959554,1.0520133972167969,2,TiDB,leader_cpu_stress_limited,normal,2133,3,exp1_tidb_tikv1,2133,3,exp1_tidb_tikv1,False,"1,2,3",
2026-05-11T16:39:17+0000,1778517557.1219711,2.078029155731201,2,TiDB,leader_cpu_stress_limited,normal,2133,3,exp1_tidb_tikv1,2133,3,exp1_tidb_tikv1,False,"1,2,3",
2026-05-11T16:39:18+0000,1778517558.1455297,3.1015877723693848,2,TiDB,leader_cpu_stress_limited,normal,2133,3,exp1_tidb_tikv1,2133,3,exp1_tidb_tikv1,False,"1,2,3",
2026-05-11T16:39:19+0000,1778517559.1672602,4.123318195343018,2,TiDB,leader_cpu_stress_limited,perturbation,2133,3,exp1_tidb_tikv1,2133,3,exp1_tidb_tikv1,False,"1,2,3",
2026-05-11T16:39:20+0000,1778517560.1932302,5.149288177490234,2,TiDB,leader_cpu_stress_limited,perturbation,2133,3,exp1_tidb_tikv1,2133,3,exp1_tidb_tikv1,False,"1,2,3",
2026-05-11T16:39:21+0000,1778517561.2285898,6.184647798538208,2,TiDB,leader_cpu_stress_limited,perturbation,2133,3,exp1_tidb_tikv1,2133,3,exp1_tidb_tikv1,False,"1,2,3",
2026-05-11T16:39:22+0000,1778517562.2491884,7.205246448516846,2,TiDB,leader_cpu_stress_limited,perturbation,2133,3,exp1_tidb_tikv1,2133,3,exp1_tidb_tikv1,False,"1,2,3",
2026-05-11T16:39:23+0000,1778517563.2712014,8.227259397506714,2,TiDB,leader_cpu_stress_limited,perturbation,2133,3,exp1_tidb_tikv1,2133,3,exp1_tidb_tikv1,False,"1,2,3",
2026-05-11T16:39:24+0000,1778517564.2926478,9.248705863952637,2,TiDB,leader_cpu_stress_limited,perturbation,2133,3,exp1_tidb_tikv1,2133,3,exp1_tidb_tikv1,False,"1,2,3",
2026-05-11T16:39:25+0000,1778517565.3235385,10.27959656715393,2,TiDB,leader_cpu_stress_limited,recovery,2133,3,exp1_tidb_tikv1,2133,3,exp1_tidb_tikv1,False,"1,2,3",
2026-05-11T16:39:26+0000,1778517566.3486836,11.304741621017456,2,TiDB,leader_cpu_stress_limited,recovery,2133,3,exp1_tidb_tikv1,2133,3,exp1_tidb_tikv1,False,"1,2,3",
2026-05-11T16:39:27+0000,1778517567.3731039,12.329161882400513,2,TiDB,leader_cpu_stress_limited,recovery,2133,3,exp1_tidb_tikv1,2133,3,exp1_tidb_tikv1,False,"1,2,3",
2026-05-11T16:39:28+0000,1778517568.395464,13.351521968841553,2,TiDB,leader_cpu_stress_limited,recovery,2133,3,exp1_tidb_tikv1,2133,3,exp1_tidb_tikv1,False,"1,2,3",
2026-05-11T16:39:29+0000,1778517569.4234278,14.379485845565796,2,TiDB,leader_cpu_stress_limited,recovery,2133,3,exp1_tidb_tikv1,2133,3,exp1_tidb_tikv1,False,"1,2,3",
2026-05-11T16:39:30+0000,1778517570.4504538,15.406511783599854,2,TiDB,leader_cpu_stress_limited,recovery,2133,3,exp1_tidb_tikv1,2133,3,exp1_tidb_tikv1,False,"1,2,3",
2026-05-11T16:39:31+0000,1778517571.4804494,16.4365074634552,2,TiDB,leader_cpu_stress_limited,recovery,2133,3,exp1_tidb_tikv1,2133,3,exp1_tidb_tikv1,False,"1,2,3",
2026-05-11T16:39:32+0000,1778517572.4998205,17.455878496170044,2,TiDB,leader_cpu_stress_limited,recovery,2133,3,exp1_tidb_tikv1,2133,3,exp1_tidb_tikv1,False,"1,2,3",
2026-05-11T16:39:41+0000,1778517581.9022036,0.05849790573120117,3,TiDB,baseline,normal,2181,3,exp1_tidb_tikv1,2181,3,exp1_tidb_tikv1,False,"1,2,3",
2026-05-11T16:39:42+0000,1778517582.939997,1.0962913036346436,3,TiDB,baseline,normal,2181,3,exp1_tidb_tikv1,2181,3,exp1_tidb_tikv1,False,"1,2,3",
2026-05-11T16:39:43+0000,1778517583.979504,2.135798454284668,3,TiDB,baseline,normal,2181,3,exp1_tidb_tikv1,2181,3,exp1_tidb_tikv1,False,"1,2,3",
2026-05-11T16:39:45+0000,1778517585.0212483,3.1775426864624023,3,TiDB,baseline,normal,2181,3,exp1_tidb_tikv1,2181,3,exp1_tidb_tikv1,False,"1,2,3",
2026-05-11T16:39:46+0000,1778517586.0564816,4.212775945663452,3,TiDB,baseline,normal,2181,3,exp1_tidb_tikv1,2181,3,exp1_tidb_tikv1,False,"1,2,3",
2026-05-11T16:39:47+0000,1778517587.1436093,5.299903631210327,3,TiDB,baseline,normal,2181,3,exp1_tidb_tikv1,2181,3,exp1_tidb_tikv1,False,"1,2,3",
2026-05-11T16:39:48+0000,1778517588.1701472,6.326441526412964,3,TiDB,baseline,normal,2181,3,exp1_tidb_tikv1,2181,3,exp1_tidb_tikv1,False,"1,2,3",
2026-05-11T16:39:49+0000,1778517589.197585,7.353879451751709,3,TiDB,baseline,normal,2181,3,exp1_tidb_tikv1,2181,3,exp1_tidb_tikv1,False,"1,2,3",
2026-05-11T16:39:50+0000,1778517590.239187,8.39548134803772,3,TiDB,baseline,normal,2181,3,exp1_tidb_tikv1,2181,3,exp1_tidb_tikv1,False,"1,2,3",
2026-05-11T16:39:51+0000,1778517591.2781494,9.434443712234497,3,TiDB,baseline,normal,2181,3,exp1_tidb_tikv1,2181,3,exp1_tidb_tikv1,False,"1,2,3",
2026-05-11T16:39:52+0000,1778517592.3231215,10.479415893554688,3,TiDB,baseline,normal,2181,3,exp1_tidb_tikv1,2181,3,exp1_tidb_tikv1,False,"1,2,3",
2026-05-11T16:39:53+0000,1778517593.3536396,11.509933948516846,3,TiDB,baseline,normal,2181,3,exp1_tidb_tikv1,2181,3,exp1_tidb_tikv1,False,"1,2,3",
2026-05-11T16:39:54+0000,1778517594.3848069,12.541101217269897,3,TiDB,baseline,normal,2181,3,exp1_tidb_tikv1,2181,3,exp1_tidb_tikv1,False,"1,2,3",
2026-05-11T16:39:55+0000,1778517595.4285595,13.584853887557983,3,TiDB,baseline,normal,2181,3,exp1_tidb_tikv1,2181,3,exp1_tidb_tikv1,False,"1,2,3",
2026-05-11T16:39:56+0000,1778517596.457918,14.614212274551392,3,TiDB,baseline,normal,2181,3,exp1_tidb_tikv1,2181,3,exp1_tidb_tikv1,False,"1,2,3",
2026-05-11T16:39:57+0000,1778517597.509275,15.665569305419922,3,TiDB,baseline,normal,2181,3,exp1_tidb_tikv1,2181,3,exp1_tidb_tikv1,False,"1,2,3",
2026-05-11T16:39:58+0000,1778517598.529735,16.6860294342041,3,TiDB,baseline,normal,2181,3,exp1_tidb_tikv1,2181,3,exp1_tidb_tikv1,False,"1,2,3",
2026-05-11T16:39:59+0000,1778517599.5485542,17.704848527908325,3,TiDB,baseline,normal,2181,3,exp1_tidb_tikv1,2181,3,exp1_tidb_tikv1,False,"1,2,3",
2026-05-11T16:40:08+0000,1778517608.8131988,0.09282493591308594,3,TiDB,leader_cpu_stress,normal,2229,3,exp1_tidb_tikv1,2229,3,exp1_tidb_tikv1,False,"1,2,3",
2026-05-11T16:40:09+0000,1778517609.8589811,1.1386072635650635,3,TiDB,leader_cpu_stress,normal,2229,3,exp1_tidb_tikv1,2229,3,exp1_tidb_tikv1,False,"1,2,3",
2026-05-11T16:40:10+0000,1778517610.9202375,2.1998636722564697,3,TiDB,leader_cpu_stress,normal,2229,3,exp1_tidb_tikv1,2229,3,exp1_tidb_tikv1,False,"1,2,3",
2026-05-11T16:40:11+0000,1778517611.965549,3.2451751232147217,3,TiDB,leader_cpu_stress,normal,2229,3,exp1_tidb_tikv1,2229,3,exp1_tidb_tikv1,False,"1,2,3",
2026-05-11T16:40:13+0000,1778517613.0139196,4.293545722961426,3,TiDB,leader_cpu_stress,perturbation,2229,3,exp1_tidb_tikv1,2229,3,exp1_tidb_tikv1,False,"1,2,3",
2026-05-11T16:40:14+0000,1778517614.0638835,5.343509674072266,3,TiDB,leader_cpu_stress,perturbation,2229,3,exp1_tidb_tikv1,2229,3,exp1_tidb_tikv1,False,"1,2,3",
2026-05-11T16:40:15+0000,1778517615.0804224,6.360048532485962,3,TiDB,leader_cpu_stress,perturbation,2229,3,exp1_tidb_tikv1,2229,3,exp1_tidb_tikv1,False,"1,2,3",
2026-05-11T16:40:16+0000,1778517616.1142404,7.393866539001465,3,TiDB,leader_cpu_stress,perturbation,2229,3,exp1_tidb_tikv1,2229,3,exp1_tidb_tikv1,False,"1,2,3",
2026-05-11T16:40:17+0000,1778517617.1467254,8.426351547241211,3,TiDB,leader_cpu_stress,perturbation,2229,3,exp1_tidb_tikv1,2229,3,exp1_tidb_tikv1,False,"1,2,3",
2026-05-11T16:40:18+0000,1778517618.164466,9.444092035293579,3,TiDB,leader_cpu_stress,perturbation,2229,3,exp1_tidb_tikv1,2229,3,exp1_tidb_tikv1,False,"1,2,3",
2026-05-11T16:40:19+0000,1778517619.184494,10.464120149612427,3,TiDB,leader_cpu_stress,recovery,2229,3,exp1_tidb_tikv1,2229,3,exp1_tidb_tikv1,False,"1,2,3",
2026-05-11T16:40:20+0000,1778517620.223986,11.503612041473389,3,TiDB,leader_cpu_stress,recovery,2229,3,exp1_tidb_tikv1,2229,3,exp1_tidb_tikv1,False,"1,2,3",
2026-05-11T16:40:21+0000,1778517621.2602499,12.539875984191895,3,TiDB,leader_cpu_stress,recovery,2229,3,exp1_tidb_tikv1,2229,3,exp1_tidb_tikv1,False,"1,2,3",
2026-05-11T16:40:22+0000,1778517622.2861943,13.565820455551147,3,TiDB,leader_cpu_stress,recovery,2229,3,exp1_tidb_tikv1,2229,3,exp1_tidb_tikv1,False,"1,2,3",
2026-05-11T16:40:23+0000,1778517623.3238614,14.603487491607666,3,TiDB,leader_cpu_stress,recovery,2229,3,exp1_tidb_tikv1,2229,3,exp1_tidb_tikv1,False,"1,2,3",
2026-05-11T16:40:24+0000,1778517624.3564918,15.636117935180664,3,TiDB,leader_cpu_stress,recovery,2229,3,exp1_tidb_tikv1,2229,3,exp1_tidb_tikv1,False,"1,2,3",
2026-05-11T16:40:25+0000,1778517625.381369,16.66099524497986,3,TiDB,leader_cpu_stress,recovery,2229,3,exp1_tidb_tikv1,2229,3,exp1_tidb_tikv1,False,"1,2,3",
2026-05-11T16:40:26+0000,1778517626.3999465,17.679572582244873,3,TiDB,leader_cpu_stress,recovery,2229,3,exp1_tidb_tikv1,2229,3,exp1_tidb_tikv1,False,"1,2,3",
2026-05-11T16:40:36+0000,1778517636.1214006,0.07491660118103027,3,TiDB,leader_network_perturbation,normal,2277,2,exp1_tidb_tikv0,2277,2,exp1_tidb_tikv0,False,"1,2,3",
2026-05-11T16:40:37+0000,1778517637.2264416,1.179957628250122,3,TiDB,leader_network_perturbation,normal,2277,2,exp1_tidb_tikv0,2277,2,exp1_tidb_tikv0,False,"1,2,3",
2026-05-11T16:40:38+0000,1778517638.2586517,2.212167739868164,3,TiDB,leader_network_perturbation,normal,2277,2,exp1_tidb_tikv0,2277,2,exp1_tidb_tikv0,False,"1,2,3",
2026-05-11T16:40:39+0000,1778517639.2929082,3.2464241981506348,3,TiDB,leader_network_perturbation,normal,2277,2,exp1_tidb_tikv0,2277,2,exp1_tidb_tikv0,False,"1,2,3",
2026-05-11T16:40:40+0000,1778517640.4075737,4.361089706420898,3,TiDB,leader_network_perturbation,perturbation,2277,2,exp1_tidb_tikv0,2277,2,exp1_tidb_tikv0,False,"1,2,3",
2026-05-11T16:40:41+0000,1778517641.4265673,5.380083322525024,3,TiDB,leader_network_perturbation,perturbation,2277,2,exp1_tidb_tikv0,2277,2,exp1_tidb_tikv0,False,"1,2,3",
2026-05-11T16:40:42+0000,1778517642.4481418,6.401657819747925,3,TiDB,leader_network_perturbation,perturbation,2277,2,exp1_tidb_tikv0,2277,2,exp1_tidb_tikv0,False,"1,2,3",
2026-05-11T16:40:43+0000,1778517643.4679437,7.421459674835205,3,TiDB,leader_network_perturbation,perturbation,2277,2,exp1_tidb_tikv0,2277,2,exp1_tidb_tikv0,False,"1,2,3",
2026-05-11T16:40:44+0000,1778517644.4911957,8.444711685180664,3,TiDB,leader_network_perturbation,perturbation,2277,2,exp1_tidb_tikv0,2277,2,exp1_tidb_tikv0,False,"1,2,3",
2026-05-11T16:40:45+0000,1778517645.5135744,9.467090368270874,3,TiDB,leader_network_perturbation,perturbation,2277,2,exp1_tidb_tikv0,2277,2,exp1_tidb_tikv0,False,"1,2,3",
2026-05-11T16:40:46+0000,1778517646.5390077,10.492523670196533,3,TiDB,leader_network_perturbation,recovery,2277,2,exp1_tidb_tikv0,2277,2,exp1_tidb_tikv0,False,"1,2,3",
2026-05-11T16:40:47+0000,1778517647.5630205,11.516536474227905,3,TiDB,leader_network_perturbation,recovery,2277,2,exp1_tidb_tikv0,2277,2,exp1_tidb_tikv0,False,"1,2,3",
2026-05-11T16:40:48+0000,1778517648.5861673,12.53968334197998,3,TiDB,leader_network_perturbation,recovery,2277,2,exp1_tidb_tikv0,2277,2,exp1_tidb_tikv0,False,"1,2,3",
2026-05-11T16:40:49+0000,1778517649.6065788,13.560094833374023,3,TiDB,leader_network_perturbation,recovery,2277,2,exp1_tidb_tikv0,2277,2,exp1_tidb_tikv0,False,"1,2,3",
2026-05-11T16:40:50+0000,1778517650.6297836,14.58329963684082,3,TiDB,leader_network_perturbation,recovery,2277,2,exp1_tidb_tikv0,2277,2,exp1_tidb_tikv0,False,"1,2,3",
2026-05-11T16:40:51+0000,1778517651.6512306,15.604746580123901,3,TiDB,leader_network_perturbation,recovery,2277,2,exp1_tidb_tikv0,2277,2,exp1_tidb_tikv0,False,"1,2,3",
2026-05-11T16:40:52+0000,1778517652.6717937,16.625309705734253,3,TiDB,leader_network_perturbation,recovery,2277,2,exp1_tidb_tikv0,2277,2,exp1_tidb_tikv0,False,"1,2,3",
2026-05-11T16:40:53+0000,1778517653.6918447,17.645360708236694,3,TiDB,leader_network_perturbation,recovery,2277,2,exp1_tidb_tikv0,2277,2,exp1_tidb_tikv0,False,"1,2,3",
2026-05-11T16:41:04+0000,1778517664.0291774,0.030409574508666992,3,TiDB,leader_cpu_stress_limited,normal,2345,3,exp1_tidb_tikv1,2345,3,exp1_tidb_tikv1,False,"1,2,3",
2026-05-11T16:41:05+0000,1778517665.0665338,1.0677659511566162,3,TiDB,leader_cpu_stress_limited,normal,2345,3,exp1_tidb_tikv1,2345,3,exp1_tidb_tikv1,False,"1,2,3",
2026-05-11T16:41:06+0000,1778517666.0933104,2.0945425033569336,3,TiDB,leader_cpu_stress_limited,normal,2345,3,exp1_tidb_tikv1,2345,3,exp1_tidb_tikv1,False,"1,2,3",
2026-05-11T16:41:07+0000,1778517667.1230786,3.1243107318878174,3,TiDB,leader_cpu_stress_limited,normal,2345,3,exp1_tidb_tikv1,2345,3,exp1_tidb_tikv1,False,"1,2,3",
2026-05-11T16:41:08+0000,1778517668.154557,4.155789136886597,3,TiDB,leader_cpu_stress_limited,perturbation,2345,3,exp1_tidb_tikv1,2345,3,exp1_tidb_tikv1,False,"1,2,3",
2026-05-11T16:41:09+0000,1778517669.1816533,5.182885408401489,3,TiDB,leader_cpu_stress_limited,perturbation,2345,3,exp1_tidb_tikv1,2345,3,exp1_tidb_tikv1,False,"1,2,3",
2026-05-11T16:41:10+0000,1778517670.2087295,6.209961652755737,3,TiDB,leader_cpu_stress_limited,perturbation,2345,3,exp1_tidb_tikv1,2345,3,exp1_tidb_tikv1,False,"1,2,3",
2026-05-11T16:41:11+0000,1778517671.2347057,7.235937833786011,3,TiDB,leader_cpu_stress_limited,perturbation,2345,3,exp1_tidb_tikv1,2345,3,exp1_tidb_tikv1,False,"1,2,3",
2026-05-11T16:41:12+0000,1778517672.2669938,8.268225908279419,3,TiDB,leader_cpu_stress_limited,perturbation,2345,3,exp1_tidb_tikv1,2345,3,exp1_tidb_tikv1,False,"1,2,3",
2026-05-11T16:41:13+0000,1778517673.2874448,9.288676977157593,3,TiDB,leader_cpu_stress_limited,perturbation,2345,3,exp1_tidb_tikv1,2345,3,exp1_tidb_tikv1,False,"1,2,3",
2026-05-11T16:41:14+0000,1778517674.3220346,10.323266744613647,3,TiDB,leader_cpu_stress_limited,recovery,2345,3,exp1_tidb_tikv1,2345,3,exp1_tidb_tikv1,False,"1,2,3",
2026-05-11T16:41:15+0000,1778517675.3581755,11.359407663345337,3,TiDB,leader_cpu_stress_limited,recovery,2345,3,exp1_tidb_tikv1,2345,3,exp1_tidb_tikv1,False,"1,2,3",
2026-05-11T16:41:16+0000,1778517676.382379,12.38361120223999,3,TiDB,leader_cpu_stress_limited,recovery,2345,3,exp1_tidb_tikv1,2345,3,exp1_tidb_tikv1,False,"1,2,3",
2026-05-11T16:41:17+0000,1778517677.4057145,13.406946659088135,3,TiDB,leader_cpu_stress_limited,recovery,2345,3,exp1_tidb_tikv1,2345,3,exp1_tidb_tikv1,False,"1,2,3",
2026-05-11T16:41:18+0000,1778517678.43882,14.440052032470703,3,TiDB,leader_cpu_stress_limited,recovery,2345,3,exp1_tidb_tikv1,2345,3,exp1_tidb_tikv1,False,"1,2,3",
2026-05-11T16:41:19+0000,1778517679.4618504,15.463082551956177,3,TiDB,leader_cpu_stress_limited,recovery,2345,3,exp1_tidb_tikv1,2345,3,exp1_tidb_tikv1,False,"1,2,3",
2026-05-11T16:41:20+0000,1778517680.489703,16.49093508720398,3,TiDB,leader_cpu_stress_limited,recovery,2345,3,exp1_tidb_tikv1,2345,3,exp1_tidb_tikv1,False,"1,2,3",
2026-05-11T16:41:21+0000,1778517681.5078773,17.509109497070312,3,TiDB,leader_cpu_stress_limited,recovery,2345,3,exp1_tidb_tikv1,2345,3,exp1_tidb_tikv1,False,"1,2,3",
2026-05-11T16:41:31+0000,1778517691.2228346,0.10403871536254883,4,TiDB,baseline,normal,2369,3,exp1_tidb_tikv1,2369,3,exp1_tidb_tikv1,False,"1,2,3",
2026-05-11T16:41:32+0000,1778517692.2685864,1.1497905254364014,4,TiDB,baseline,normal,2369,3,exp1_tidb_tikv1,2369,3,exp1_tidb_tikv1,False,"1,2,3",
2026-05-11T16:41:33+0000,1778517693.299348,2.1805522441864014,4,TiDB,baseline,normal,2369,3,exp1_tidb_tikv1,2369,3,exp1_tidb_tikv1,False,"1,2,3",
2026-05-11T16:41:34+0000,1778517694.324666,3.2058701515197754,4,TiDB,baseline,normal,2369,3,exp1_tidb_tikv1,2369,3,exp1_tidb_tikv1,False,"1,2,3",
2026-05-11T16:41:35+0000,1778517695.359973,4.241177082061768,4,TiDB,baseline,normal,2369,3,exp1_tidb_tikv1,2369,3,exp1_tidb_tikv1,False,"1,2,3",
2026-05-11T16:41:36+0000,1778517696.4004428,5.281646966934204,4,TiDB,baseline,normal,2369,3,exp1_tidb_tikv1,2369,3,exp1_tidb_tikv1,False,"1,2,3",
2026-05-11T16:41:37+0000,1778517697.4340942,6.315298318862915,4,TiDB,baseline,normal,2369,3,exp1_tidb_tikv1,2369,3,exp1_tidb_tikv1,False,"1,2,3",
2026-05-11T16:41:38+0000,1778517698.4762325,7.357436656951904,4,TiDB,baseline,normal,2369,3,exp1_tidb_tikv1,2369,3,exp1_tidb_tikv1,False,"1,2,3",
2026-05-11T16:41:39+0000,1778517699.5129447,8.394148826599121,4,TiDB,baseline,normal,2369,3,exp1_tidb_tikv1,2369,3,exp1_tidb_tikv1,False,"1,2,3",
2026-05-11T16:41:40+0000,1778517700.5465453,9.427749395370483,4,TiDB,baseline,normal,2369,3,exp1_tidb_tikv1,2369,3,exp1_tidb_tikv1,False,"1,2,3",
2026-05-11T16:41:41+0000,1778517701.5777712,10.458975315093994,4,TiDB,baseline,normal,2369,3,exp1_tidb_tikv1,2369,3,exp1_tidb_tikv1,False,"1,2,3",
2026-05-11T16:41:42+0000,1778517702.618604,11.499808073043823,4,TiDB,baseline,normal,2369,3,exp1_tidb_tikv1,2369,3,exp1_tidb_tikv1,False,"1,2,3",
2026-05-11T16:41:43+0000,1778517703.650534,12.531738042831421,4,TiDB,baseline,normal,2369,3,exp1_tidb_tikv1,2369,3,exp1_tidb_tikv1,False,"1,2,3",
2026-05-11T16:41:44+0000,1778517704.6921937,13.573397874832153,4,TiDB,baseline,normal,2369,3,exp1_tidb_tikv1,2369,3,exp1_tidb_tikv1,False,"1,2,3",
2026-05-11T16:41:45+0000,1778517705.728105,14.609309196472168,4,TiDB,baseline,normal,2369,3,exp1_tidb_tikv1,2369,3,exp1_tidb_tikv1,False,"1,2,3",
2026-05-11T16:41:46+0000,1778517706.7642667,15.64547085762024,4,TiDB,baseline,normal,2369,3,exp1_tidb_tikv1,2369,3,exp1_tidb_tikv1,False,"1,2,3",
2026-05-11T16:41:47+0000,1778517707.796732,16.67793607711792,4,TiDB,baseline,normal,2369,3,exp1_tidb_tikv1,2369,3,exp1_tidb_tikv1,False,"1,2,3",
2026-05-11T16:41:48+0000,1778517708.816273,17.697477102279663,4,TiDB,baseline,normal,2369,3,exp1_tidb_tikv1,2369,3,exp1_tidb_tikv1,False,"1,2,3",
2026-05-11T16:41:58+0000,1778517718.188636,0.05789756774902344,4,TiDB,leader_cpu_stress,normal,2401,3,exp1_tidb_tikv1,2401,3,exp1_tidb_tikv1,False,"1,2,3",
2026-05-11T16:41:59+0000,1778517719.2196078,1.088869333267212,4,TiDB,leader_cpu_stress,normal,2401,3,exp1_tidb_tikv1,2401,3,exp1_tidb_tikv1,False,"1,2,3",
2026-05-11T16:42:00+0000,1778517720.2777257,2.146987199783325,4,TiDB,leader_cpu_stress,normal,2401,3,exp1_tidb_tikv1,2401,3,exp1_tidb_tikv1,False,"1,2,3",
2026-05-11T16:42:01+0000,1778517721.302911,3.1721725463867188,4,TiDB,leader_cpu_stress,normal,2401,3,exp1_tidb_tikv1,2401,3,exp1_tidb_tikv1,False,"1,2,3",
2026-05-11T16:42:02+0000,1778517722.330621,4.199882507324219,4,TiDB,leader_cpu_stress,perturbation,2401,3,exp1_tidb_tikv1,2401,3,exp1_tidb_tikv1,False,"1,2,3",
2026-05-11T16:42:03+0000,1778517723.367361,5.23662257194519,4,TiDB,leader_cpu_stress,perturbation,2401,3,exp1_tidb_tikv1,2401,3,exp1_tidb_tikv1,False,"1,2,3",
2026-05-11T16:42:04+0000,1778517724.387097,6.25635838508606,4,TiDB,leader_cpu_stress,perturbation,2401,3,exp1_tidb_tikv1,2401,3,exp1_tidb_tikv1,False,"1,2,3",
2026-05-11T16:42:05+0000,1778517725.4214132,7.290674686431885,4,TiDB,leader_cpu_stress,perturbation,2401,3,exp1_tidb_tikv1,2401,3,exp1_tidb_tikv1,False,"1,2,3",
2026-05-11T16:42:06+0000,1778517726.4462528,8.315514326095581,4,TiDB,leader_cpu_stress,perturbation,2401,3,exp1_tidb_tikv1,2401,3,exp1_tidb_tikv1,False,"1,2,3",
2026-05-11T16:42:07+0000,1778517727.468972,9.338233470916748,4,TiDB,leader_cpu_stress,perturbation,2401,3,exp1_tidb_tikv1,2401,3,exp1_tidb_tikv1,False,"1,2,3",
2026-05-11T16:42:08+0000,1778517728.4934616,10.362723112106323,4,TiDB,leader_cpu_stress,recovery,2401,3,exp1_tidb_tikv1,2401,3,exp1_tidb_tikv1,False,"1,2,3",
2026-05-11T16:42:09+0000,1778517729.523963,11.393224477767944,4,TiDB,leader_cpu_stress,recovery,2401,3,exp1_tidb_tikv1,2401,3,exp1_tidb_tikv1,False,"1,2,3",
2026-05-11T16:42:10+0000,1778517730.546713,12.415974617004395,4,TiDB,leader_cpu_stress,recovery,2401,3,exp1_tidb_tikv1,2401,3,exp1_tidb_tikv1,False,"1,2,3",
2026-05-11T16:42:11+0000,1778517731.5740767,13.44333815574646,4,TiDB,leader_cpu_stress,recovery,2401,3,exp1_tidb_tikv1,2401,3,exp1_tidb_tikv1,False,"1,2,3",
2026-05-11T16:42:12+0000,1778517732.6043193,14.473580837249756,4,TiDB,leader_cpu_stress,recovery,2401,3,exp1_tidb_tikv1,2401,3,exp1_tidb_tikv1,False,"1,2,3",
2026-05-11T16:42:13+0000,1778517733.6336796,15.502941131591797,4,TiDB,leader_cpu_stress,recovery,2401,3,exp1_tidb_tikv1,2401,3,exp1_tidb_tikv1,False,"1,2,3",
2026-05-11T16:42:14+0000,1778517734.6608734,16.530134916305542,4,TiDB,leader_cpu_stress,recovery,2401,3,exp1_tidb_tikv1,2401,3,exp1_tidb_tikv1,False,"1,2,3",
2026-05-11T16:42:23+0000,1778517743.9892457,0.08574414253234863,4,TiDB,leader_network_perturbation,normal,2497,3,exp1_tidb_tikv1,2497,3,exp1_tidb_tikv1,False,"1,2,3",
2026-05-11T16:42:25+0000,1778517745.045198,1.1416964530944824,4,TiDB,leader_network_perturbation,normal,2497,3,exp1_tidb_tikv1,2497,3,exp1_tidb_tikv1,False,"1,2,3",
2026-05-11T16:42:26+0000,1778517746.086144,2.1826424598693848,4,TiDB,leader_network_perturbation,normal,2497,3,exp1_tidb_tikv1,2497,3,exp1_tidb_tikv1,False,"1,2,3",
2026-05-11T16:42:27+0000,1778517747.1126642,3.209162712097168,4,TiDB,leader_network_perturbation,normal,2497,3,exp1_tidb_tikv1,2497,3,exp1_tidb_tikv1,False,"1,2,3",
2026-05-11T16:42:28+0000,1778517748.1475973,4.244095802307129,4,TiDB,leader_network_perturbation,perturbation,2497,3,exp1_tidb_tikv1,2497,3,exp1_tidb_tikv1,False,"1,2,3",
2026-05-11T16:42:29+0000,1778517749.1687558,5.265254259109497,4,TiDB,leader_network_perturbation,perturbation,2497,3,exp1_tidb_tikv1,2497,3,exp1_tidb_tikv1,False,"1,2,3",
2026-05-11T16:42:30+0000,1778517750.1895914,6.286089897155762,4,TiDB,leader_network_perturbation,perturbation,2497,3,exp1_tidb_tikv1,2497,3,exp1_tidb_tikv1,False,"1,2,3",
2026-05-11T16:42:31+0000,1778517751.2388973,7.335395812988281,4,TiDB,leader_network_perturbation,perturbation,2497,3,exp1_tidb_tikv1,2497,3,exp1_tidb_tikv1,False,"1,2,3",
2026-05-11T16:42:32+0000,1778517752.2607388,8.357237339019775,4,TiDB,leader_network_perturbation,perturbation,2497,3,exp1_tidb_tikv1,2497,3,exp1_tidb_tikv1,False,"1,2,3",
2026-05-11T16:42:33+0000,1778517753.28195,9.378448486328125,4,TiDB,leader_network_perturbation,perturbation,2497,3,exp1_tidb_tikv1,2497,3,exp1_tidb_tikv1,False,"1,2,3",
2026-05-11T16:42:34+0000,1778517754.3050978,10.401596307754517,4,TiDB,leader_network_perturbation,recovery,2497,3,exp1_tidb_tikv1,2497,3,exp1_tidb_tikv1,False,"1,2,3",
2026-05-11T16:42:35+0000,1778517755.328127,11.424625396728516,4,TiDB,leader_network_perturbation,recovery,2497,3,exp1_tidb_tikv1,2497,3,exp1_tidb_tikv1,False,"1,2,3",
2026-05-11T16:42:36+0000,1778517756.3469653,12.443463802337646,4,TiDB,leader_network_perturbation,recovery,2497,3,exp1_tidb_tikv1,2497,3,exp1_tidb_tikv1,False,"1,2,3",
2026-05-11T16:42:37+0000,1778517757.3718688,13.468367338180542,4,TiDB,leader_network_perturbation,recovery,2497,3,exp1_tidb_tikv1,2497,3,exp1_tidb_tikv1,False,"1,2,3",
2026-05-11T16:42:38+0000,1778517758.393746,14.490244388580322,4,TiDB,leader_network_perturbation,recovery,2497,3,exp1_tidb_tikv1,2497,3,exp1_tidb_tikv1,False,"1,2,3",
2026-05-11T16:42:39+0000,1778517759.417761,15.514259576797485,4,TiDB,leader_network_perturbation,recovery,2497,3,exp1_tidb_tikv1,2497,3,exp1_tidb_tikv1,False,"1,2,3",
2026-05-11T16:42:40+0000,1778517760.444343,16.540841579437256,4,TiDB,leader_network_perturbation,recovery,2497,3,exp1_tidb_tikv1,2497,3,exp1_tidb_tikv1,False,"1,2,3",
2026-05-11T16:42:41+0000,1778517761.465704,17.56220245361328,4,TiDB,leader_network_perturbation,recovery,2497,3,exp1_tidb_tikv1,2497,3,exp1_tidb_tikv1,False,"1,2,3",
2026-05-11T16:42:52+0000,1778517772.1783834,0.0421910285949707,4,TiDB,leader_cpu_stress_limited,normal,2565,3,exp1_tidb_tikv1,2565,3,exp1_tidb_tikv1,False,"1,2,3",
2026-05-11T16:42:53+0000,1778517773.21539,1.079197645187378,4,TiDB,leader_cpu_stress_limited,normal,2565,3,exp1_tidb_tikv1,2565,3,exp1_tidb_tikv1,False,"1,2,3",
2026-05-11T16:42:54+0000,1778517774.2597733,2.1235809326171875,4,TiDB,leader_cpu_stress_limited,normal,2565,3,exp1_tidb_tikv1,2565,3,exp1_tidb_tikv1,False,"1,2,3",
2026-05-11T16:42:55+0000,1778517775.285505,3.149312734603882,4,TiDB,leader_cpu_stress_limited,normal,2565,3,exp1_tidb_tikv1,2565,3,exp1_tidb_tikv1,False,"1,2,3",
2026-05-11T16:42:56+0000,1778517776.3223798,4.186187505722046,4,TiDB,leader_cpu_stress_limited,perturbation,2565,3,exp1_tidb_tikv1,2565,3,exp1_tidb_tikv1,False,"1,2,3",
2026-05-11T16:42:57+0000,1778517777.347783,5.211590766906738,4,TiDB,leader_cpu_stress_limited,perturbation,2565,3,exp1_tidb_tikv1,2565,3,exp1_tidb_tikv1,False,"1,2,3",
2026-05-11T16:42:58+0000,1778517778.3757145,6.239522218704224,4,TiDB,leader_cpu_stress_limited,perturbation,2565,3,exp1_tidb_tikv1,2565,3,exp1_tidb_tikv1,False,"1,2,3",
2026-05-11T16:42:59+0000,1778517779.4131289,7.2769365310668945,4,TiDB,leader_cpu_stress_limited,perturbation,2565,3,exp1_tidb_tikv1,2565,3,exp1_tidb_tikv1,False,"1,2,3",
2026-05-11T16:43:00+0000,1778517780.4552016,8.31900930404663,4,TiDB,leader_cpu_stress_limited,perturbation,2565,3,exp1_tidb_tikv1,2565,3,exp1_tidb_tikv1,False,"1,2,3",
2026-05-11T16:43:01+0000,1778517781.4741127,9.337920427322388,4,TiDB,leader_cpu_stress_limited,perturbation,2565,3,exp1_tidb_tikv1,2565,3,exp1_tidb_tikv1,False,"1,2,3",
2026-05-11T16:43:02+0000,1778517782.4932861,10.357093811035156,4,TiDB,leader_cpu_stress_limited,recovery,2565,3,exp1_tidb_tikv1,2565,3,exp1_tidb_tikv1,False,"1,2,3",
2026-05-11T16:43:03+0000,1778517783.515966,11.379773616790771,4,TiDB,leader_cpu_stress_limited,recovery,2565,3,exp1_tidb_tikv1,2565,3,exp1_tidb_tikv1,False,"1,2,3",
2026-05-11T16:43:04+0000,1778517784.5440402,12.407847881317139,4,TiDB,leader_cpu_stress_limited,recovery,2565,3,exp1_tidb_tikv1,2565,3,exp1_tidb_tikv1,False,"1,2,3",
2026-05-11T16:43:05+0000,1778517785.6121156,13.475923299789429,4,TiDB,leader_cpu_stress_limited,recovery,2565,3,exp1_tidb_tikv1,2565,3,exp1_tidb_tikv1,False,"1,2,3",
2026-05-11T16:43:06+0000,1778517786.6418738,14.50568151473999,4,TiDB,leader_cpu_stress_limited,recovery,2565,3,exp1_tidb_tikv1,2565,3,exp1_tidb_tikv1,False,"1,2,3",
2026-05-11T16:43:07+0000,1778517787.6686628,15.532470464706421,4,TiDB,leader_cpu_stress_limited,recovery,2565,3,exp1_tidb_tikv1,2565,3,exp1_tidb_tikv1,False,"1,2,3",
2026-05-11T16:43:08+0000,1778517788.705326,16.569133758544922,4,TiDB,leader_cpu_stress_limited,recovery,2565,3,exp1_tidb_tikv1,2565,3,exp1_tidb_tikv1,False,"1,2,3",
2026-05-11T16:43:09+0000,1778517789.7261732,17.589980840682983,4,TiDB,leader_cpu_stress_limited,recovery,2565,3,exp1_tidb_tikv1,2565,3,exp1_tidb_tikv1,False,"1,2,3",
2026-05-11T16:43:19+0000,1778517799.4288812,0.10105490684509277,5,TiDB,baseline,normal,2633,3,exp1_tidb_tikv1,2633,3,exp1_tidb_tikv1,False,"1,2,3",
2026-05-11T16:43:20+0000,1778517800.484196,1.156369686126709,5,TiDB,baseline,normal,2633,3,exp1_tidb_tikv1,2633,3,exp1_tidb_tikv1,False,"1,2,3",
2026-05-11T16:43:21+0000,1778517801.5663345,2.2385082244873047,5,TiDB,baseline,normal,2633,3,exp1_tidb_tikv1,2633,3,exp1_tidb_tikv1,False,"1,2,3",
2026-05-11T16:43:22+0000,1778517802.603903,3.2760767936706543,5,TiDB,baseline,normal,2633,3,exp1_tidb_tikv1,2633,3,exp1_tidb_tikv1,False,"1,2,3",
2026-05-11T16:43:23+0000,1778517803.6535852,4.325758934020996,5,TiDB,baseline,normal,2633,3,exp1_tidb_tikv1,2633,3,exp1_tidb_tikv1,False,"1,2,3",
2026-05-11T16:43:24+0000,1778517804.7000449,5.372218608856201,5,TiDB,baseline,normal,2633,3,exp1_tidb_tikv1,2633,3,exp1_tidb_tikv1,False,"1,2,3",
2026-05-11T16:43:25+0000,1778517805.7928545,6.465028285980225,5,TiDB,baseline,normal,2633,3,exp1_tidb_tikv1,2633,3,exp1_tidb_tikv1,False,"1,2,3",
2026-05-11T16:43:26+0000,1778517806.8315046,7.503678321838379,5,TiDB,baseline,normal,2633,3,exp1_tidb_tikv1,2633,3,exp1_tidb_tikv1,False,"1,2,3",
2026-05-11T16:43:27+0000,1778517807.9077017,8.579875469207764,5,TiDB,baseline,normal,2633,3,exp1_tidb_tikv1,2633,3,exp1_tidb_tikv1,False,"1,2,3",
2026-05-11T16:43:28+0000,1778517808.9424946,9.614668369293213,5,TiDB,baseline,normal,2633,3,exp1_tidb_tikv1,2633,3,exp1_tidb_tikv1,False,"1,2,3",
2026-05-11T16:43:29+0000,1778517809.983126,10.655299663543701,5,TiDB,baseline,normal,2633,3,exp1_tidb_tikv1,2633,3,exp1_tidb_tikv1,False,"1,2,3",
2026-05-11T16:43:31+0000,1778517811.0260317,11.698205471038818,5,TiDB,baseline,normal,2633,3,exp1_tidb_tikv1,2633,3,exp1_tidb_tikv1,False,"1,2,3",
2026-05-11T16:43:32+0000,1778517812.055171,12.727344751358032,5,TiDB,baseline,normal,2633,3,exp1_tidb_tikv1,2633,3,exp1_tidb_tikv1,False,"1,2,3",
2026-05-11T16:43:33+0000,1778517813.1040432,13.776216983795166,5,TiDB,baseline,normal,2633,3,exp1_tidb_tikv1,2633,3,exp1_tidb_tikv1,False,"1,2,3",
2026-05-11T16:43:34+0000,1778517814.1601145,14.832288265228271,5,TiDB,baseline,normal,2633,3,exp1_tidb_tikv1,2633,3,exp1_tidb_tikv1,False,"1,2,3",
2026-05-11T16:43:35+0000,1778517815.1932154,15.865389108657837,5,TiDB,baseline,normal,2633,3,exp1_tidb_tikv1,2633,3,exp1_tidb_tikv1,False,"1,2,3",
2026-05-11T16:43:36+0000,1778517816.254946,16.927119731903076,5,TiDB,baseline,normal,2633,3,exp1_tidb_tikv1,2633,3,exp1_tidb_tikv1,False,"1,2,3",
2026-05-11T16:43:37+0000,1778517817.273014,17.94518780708313,5,TiDB,baseline,normal,2633,3,exp1_tidb_tikv1,2633,3,exp1_tidb_tikv1,False,"1,2,3",
2026-05-11T16:43:46+0000,1778517826.520616,0.06424260139465332,5,TiDB,leader_cpu_stress,normal,2701,3,exp1_tidb_tikv1,2701,3,exp1_tidb_tikv1,False,"1,2,3",
2026-05-11T16:43:47+0000,1778517827.5541806,1.0978071689605713,5,TiDB,leader_cpu_stress,normal,2701,3,exp1_tidb_tikv1,2701,3,exp1_tidb_tikv1,False,"1,2,3",
2026-05-11T16:43:48+0000,1778517828.5975463,2.1411728858947754,5,TiDB,leader_cpu_stress,normal,2701,3,exp1_tidb_tikv1,2701,3,exp1_tidb_tikv1,False,"1,2,3",
2026-05-11T16:43:49+0000,1778517829.6323717,3.1759982109069824,5,TiDB,leader_cpu_stress,normal,2701,3,exp1_tidb_tikv1,2701,3,exp1_tidb_tikv1,False,"1,2,3",
2026-05-11T16:43:50+0000,1778517830.8364763,4.380102872848511,5,TiDB,leader_cpu_stress,perturbation,2701,3,exp1_tidb_tikv1,2701,3,exp1_tidb_tikv1,False,"1,2,3",
2026-05-11T16:43:51+0000,1778517831.8869388,5.430565357208252,5,TiDB,leader_cpu_stress,perturbation,2701,3,exp1_tidb_tikv1,2701,3,exp1_tidb_tikv1,False,"1,2,3",
2026-05-11T16:43:52+0000,1778517832.9185834,6.462209939956665,5,TiDB,leader_cpu_stress,perturbation,2701,3,exp1_tidb_tikv1,2701,3,exp1_tidb_tikv1,False,"1,2,3",
2026-05-11T16:43:53+0000,1778517833.9482253,7.491851806640625,5,TiDB,leader_cpu_stress,perturbation,2701,3,exp1_tidb_tikv1,2701,3,exp1_tidb_tikv1,False,"1,2,3",
2026-05-11T16:43:54+0000,1778517834.9696472,8.5132737159729,5,TiDB,leader_cpu_stress,perturbation,2701,3,exp1_tidb_tikv1,2701,3,exp1_tidb_tikv1,False,"1,2,3",
2026-05-11T16:43:55+0000,1778517835.9972157,9.540842294692993,5,TiDB,leader_cpu_stress,perturbation,2701,3,exp1_tidb_tikv1,2701,3,exp1_tidb_tikv1,False,"1,2,3",
2026-05-11T16:43:57+0000,1778517837.0479217,10.591548204421997,5,TiDB,leader_cpu_stress,recovery,2701,3,exp1_tidb_tikv1,2701,3,exp1_tidb_tikv1,False,"1,2,3",
2026-05-11T16:43:58+0000,1778517838.0704043,11.614030838012695,5,TiDB,leader_cpu_stress,recovery,2701,3,exp1_tidb_tikv1,2701,3,exp1_tidb_tikv1,False,"1,2,3",
2026-05-11T16:43:59+0000,1778517839.095783,12.63940954208374,5,TiDB,leader_cpu_stress,recovery,2701,3,exp1_tidb_tikv1,2701,3,exp1_tidb_tikv1,False,"1,2,3",
2026-05-11T16:44:00+0000,1778517840.1276538,13.67128038406372,5,TiDB,leader_cpu_stress,recovery,2701,3,exp1_tidb_tikv1,2701,3,exp1_tidb_tikv1,False,"1,2,3",
2026-05-11T16:44:01+0000,1778517841.1625903,14.706216812133789,5,TiDB,leader_cpu_stress,recovery,2701,3,exp1_tidb_tikv1,2701,3,exp1_tidb_tikv1,False,"1,2,3",
2026-05-11T16:44:02+0000,1778517842.1977909,15.741417407989502,5,TiDB,leader_cpu_stress,recovery,2701,3,exp1_tidb_tikv1,2701,3,exp1_tidb_tikv1,False,"1,2,3",
2026-05-11T16:44:03+0000,1778517843.233816,16.777442455291748,5,TiDB,leader_cpu_stress,recovery,2701,3,exp1_tidb_tikv1,2701,3,exp1_tidb_tikv1,False,"1,2,3",
2026-05-11T16:44:04+0000,1778517844.257098,17.800724506378174,5,TiDB,leader_cpu_stress,recovery,2701,3,exp1_tidb_tikv1,2701,3,exp1_tidb_tikv1,False,"1,2,3",
2026-05-11T16:44:13+0000,1778517853.39173,0.07336807250976562,5,TiDB,leader_network_perturbation,normal,2769,3,exp1_tidb_tikv1,2769,3,exp1_tidb_tikv1,False,"1,2,3",
2026-05-11T16:44:14+0000,1778517854.4665048,1.1481428146362305,5,TiDB,leader_network_perturbation,normal,2769,3,exp1_tidb_tikv1,2769,3,exp1_tidb_tikv1,False,"1,2,3",
2026-05-11T16:44:15+0000,1778517855.5217376,2.2033755779266357,5,TiDB,leader_network_perturbation,normal,2769,3,exp1_tidb_tikv1,2769,3,exp1_tidb_tikv1,False,"1,2,3",
2026-05-11T16:44:16+0000,1778517856.5634227,3.245060682296753,5,TiDB,leader_network_perturbation,normal,2769,3,exp1_tidb_tikv1,2769,3,exp1_tidb_tikv1,False,"1,2,3",
2026-05-11T16:44:17+0000,1778517857.6198914,4.301529407501221,5,TiDB,leader_network_perturbation,perturbation,2769,3,exp1_tidb_tikv1,2769,3,exp1_tidb_tikv1,False,"1,2,3",
2026-05-11T16:44:18+0000,1778517858.6423259,5.32396388053894,5,TiDB,leader_network_perturbation,perturbation,2769,3,exp1_tidb_tikv1,2769,3,exp1_tidb_tikv1,False,"1,2,3",
2026-05-11T16:44:19+0000,1778517859.6623344,6.343972444534302,5,TiDB,leader_network_perturbation,perturbation,2769,3,exp1_tidb_tikv1,2769,3,exp1_tidb_tikv1,False,"1,2,3",
2026-05-11T16:44:20+0000,1778517860.6845167,7.366154670715332,5,TiDB,leader_network_perturbation,perturbation,2769,3,exp1_tidb_tikv1,2769,3,exp1_tidb_tikv1,False,"1,2,3",
2026-05-11T16:44:21+0000,1778517861.7038414,8.38547945022583,5,TiDB,leader_network_perturbation,perturbation,2769,3,exp1_tidb_tikv1,2769,3,exp1_tidb_tikv1,False,"1,2,3",
2026-05-11T16:44:22+0000,1778517862.72776,9.409398078918457,5,TiDB,leader_network_perturbation,perturbation,2769,3,exp1_tidb_tikv1,2769,3,exp1_tidb_tikv1,False,"1,2,3",
2026-05-11T16:44:23+0000,1778517863.7548587,10.43649673461914,5,TiDB,leader_network_perturbation,recovery,2769,3,exp1_tidb_tikv1,2769,3,exp1_tidb_tikv1,False,"1,2,3",
2026-05-11T16:44:24+0000,1778517864.7736642,11.455302238464355,5,TiDB,leader_network_perturbation,recovery,2769,3,exp1_tidb_tikv1,2769,3,exp1_tidb_tikv1,False,"1,2,3",
2026-05-11T16:44:25+0000,1778517865.7969754,12.478613376617432,5,TiDB,leader_network_perturbation,recovery,2769,3,exp1_tidb_tikv1,2769,3,exp1_tidb_tikv1,False,"1,2,3",
2026-05-11T16:44:26+0000,1778517866.8193216,13.500959634780884,5,TiDB,leader_network_perturbation,recovery,2769,3,exp1_tidb_tikv1,2769,3,exp1_tidb_tikv1,False,"1,2,3",
2026-05-11T16:44:27+0000,1778517867.8450484,14.526686429977417,5,TiDB,leader_network_perturbation,recovery,2769,3,exp1_tidb_tikv1,2769,3,exp1_tidb_tikv1,False,"1,2,3",
2026-05-11T16:44:28+0000,1778517868.865398,15.547035932540894,5,TiDB,leader_network_perturbation,recovery,2769,3,exp1_tidb_tikv1,2769,3,exp1_tidb_tikv1,False,"1,2,3",
2026-05-11T16:44:29+0000,1778517869.889744,16.57138204574585,5,TiDB,leader_network_perturbation,recovery,2769,3,exp1_tidb_tikv1,2769,3,exp1_tidb_tikv1,False,"1,2,3",
2026-05-11T16:44:30+0000,1778517870.911922,17.593559980392456,5,TiDB,leader_network_perturbation,recovery,2769,3,exp1_tidb_tikv1,2769,3,exp1_tidb_tikv1,False,"1,2,3",
2026-05-11T16:44:41+0000,1778517881.387984,0.044179439544677734,5,TiDB,leader_cpu_stress_limited,normal,2857,1,exp1_tidb_tikv2,2857,1,exp1_tidb_tikv2,False,"1,2,3",
2026-05-11T16:44:42+0000,1778517882.446029,1.102224349975586,5,TiDB,leader_cpu_stress_limited,normal,2857,1,exp1_tidb_tikv2,2857,1,exp1_tidb_tikv2,False,"1,2,3",
2026-05-11T16:44:43+0000,1778517883.481912,2.1381072998046875,5,TiDB,leader_cpu_stress_limited,normal,2857,1,exp1_tidb_tikv2,2857,1,exp1_tidb_tikv2,False,"1,2,3",
2026-05-11T16:44:44+0000,1778517884.5183296,3.174525022506714,5,TiDB,leader_cpu_stress_limited,normal,2857,1,exp1_tidb_tikv2,2857,1,exp1_tidb_tikv2,False,"1,2,3",
2026-05-11T16:44:45+0000,1778517885.5551755,4.211370944976807,5,TiDB,leader_cpu_stress_limited,perturbation,2857,1,exp1_tidb_tikv2,2857,1,exp1_tidb_tikv2,False,"1,2,3",
2026-05-11T16:44:46+0000,1778517886.6042259,5.260421276092529,5,TiDB,leader_cpu_stress_limited,perturbation,2857,1,exp1_tidb_tikv2,2857,1,exp1_tidb_tikv2,False,"1,2,3",
2026-05-11T16:44:47+0000,1778517887.6267297,6.282925128936768,5,TiDB,leader_cpu_stress_limited,perturbation,2857,1,exp1_tidb_tikv2,2857,1,exp1_tidb_tikv2,False,"1,2,3",
2026-05-11T16:44:48+0000,1778517888.647122,7.303317308425903,5,TiDB,leader_cpu_stress_limited,perturbation,2857,1,exp1_tidb_tikv2,2857,1,exp1_tidb_tikv2,False,"1,2,3",
2026-05-11T16:44:49+0000,1778517889.6849213,8.341116666793823,5,TiDB,leader_cpu_stress_limited,perturbation,2857,1,exp1_tidb_tikv2,2857,1,exp1_tidb_tikv2,False,"1,2,3",
2026-05-11T16:44:50+0000,1778517890.7164104,9.372605800628662,5,TiDB,leader_cpu_stress_limited,perturbation,2857,1,exp1_tidb_tikv2,2857,1,exp1_tidb_tikv2,False,"1,2,3",
2026-05-11T16:44:51+0000,1778517891.73749,10.393685340881348,5,TiDB,leader_cpu_stress_limited,recovery,2857,1,exp1_tidb_tikv2,2857,1,exp1_tidb_tikv2,False,"1,2,3",
2026-05-11T16:44:52+0000,1778517892.7596903,11.41588568687439,5,TiDB,leader_cpu_stress_limited,recovery,2857,1,exp1_tidb_tikv2,2857,1,exp1_tidb_tikv2,False,"1,2,3",
2026-05-11T16:44:53+0000,1778517893.7927613,12.448956727981567,5,TiDB,leader_cpu_stress_limited,recovery,2857,1,exp1_tidb_tikv2,2857,1,exp1_tidb_tikv2,False,"1,2,3",
2026-05-11T16:44:54+0000,1778517894.9217274,13.577922821044922,5,TiDB,leader_cpu_stress_limited,recovery,2857,1,exp1_tidb_tikv2,2857,1,exp1_tidb_tikv2,False,"1,2,3",
2026-05-11T16:44:55+0000,1778517895.9579337,14.614129066467285,5,TiDB,leader_cpu_stress_limited,recovery,2857,1,exp1_tidb_tikv2,2857,1,exp1_tidb_tikv2,False,"1,2,3",
2026-05-11T16:44:56+0000,1778517896.989641,15.645836353302002,5,TiDB,leader_cpu_stress_limited,recovery,2857,1,exp1_tidb_tikv2,2857,1,exp1_tidb_tikv2,False,"1,2,3",
2026-05-11T16:44:58+0000,1778517898.0223947,16.678590059280396,5,TiDB,leader_cpu_stress_limited,recovery,2857,1,exp1_tidb_tikv2,2857,1,exp1_tidb_tikv2,False,"1,2,3",
2026-05-11T16:44:59+0000,1778517899.04531,17.701505422592163,5,TiDB,leader_cpu_stress_limited,recovery,2857,1,exp1_tidb_tikv2,2857,1,exp1_tidb_tikv2,False,"1,2,3",
